participant	subject_id	trial	block	within_block_trial	agent_reliability	agent_reliability_code	scenario_complexity	scenario_complexity_code	previous_choice_accuracy	previous_choice_accuracy_code	ppCs	ppCo
1	1	1	1	1	Low	1	Simple	1			0.7651820439066667	0.7413582628666667
1	1	2	1	2	Low	1	Relatively Complex	4	Wrong	0.0	0.5172729014	0.5132038621333334
1	1	3	1	3	Low	1	Complex	5	Wrong	0.0	0.4159263847466667	0.44382288033333334
1	1	4	1	4	Low	1	Simple	1	Wrong	0.0	0.7366443274666666	0.6646949246666666
1	1	5	1	5	Low	1	Relatively Complex	4	Wrong	0.0	0.5174015733533334	0.5123062446666666
1	1	6	1	6	Low	1	Relatively Simple	2	Right	1.0	0.6553059928266666	0.6407798279133333
1	1	7	1	7	Low	1	Complex	5	Wrong	0.0	0.39697069732	0.42242092653333335
1	1	8	1	8	Low	1	Relatively Complex	4	Wrong	0.0	0.5395614682666667	0.5284596410666667
1	1	9	1	9	Low	1	Simple	1	Right	1.0	0.7495215233333333	0.7286604078000001
1	1	10	1	10	Low	1	Relatively Complex	4	Right	1.0	0.5013548635333334	0.5007433436
1	1	11	1	11	Low	1	Simple	1	Wrong	0.0	0.7476924030666666	0.7092176038666667
1	1	12	1	12	Low	1	Relatively Complex	4	Right	1.0	0.4818812995533333	0.4832018726466667
1	1	13	1	13	Low	1	Complex	5	Right	1.0	0.40320061464	0.40624065763333334
1	1	14	1	14	Low	1	Average	3	Wrong	0.0	0.5660716406666667	0.5592860920666666
1	1	15	1	15	Low	1	Complex	5	Wrong	0.0	0.40162900253333333	0.42417977346666663
1	1	16	1	16	Low	1	Complex	5	Wrong	0.0	0.44996102598666665	0.4636578136
1	1	17	1	17	Low	1	Relatively Simple	2	Right	1.0	0.6769278919466667	0.6643197239533333
1	1	18	1	18	Low	1	Average	3	Wrong	0.0	0.6087117616666666	0.5832668998666667
1	1	19	1	19	Low	1	Average	3	Wrong	0.0	0.5986534476733333	0.5686415272666667
1	1	20	1	20	Low	1	Average	3	Wrong	0.0	0.6171682745333333	0.5789762526666666
1	1	21	1	21	Low	1	Average	3	Right	1.0	0.7136425002666668	0.6884438350666667
1	1	22	1	22	Low	1	Simple	1	Wrong	0.0	0.7588391590666667	0.6921130628
1	1	23	1	23	Low	1	Complex	5	Wrong	0.0	0.42333423645999996	0.4487234292
1	1	24	1	24	Low	1	Complex	5	Right	1.0	0.5730913398666666	0.5662649197999999
1	1	25	1	25	Low	1	Complex	5	Right	1.0	0.40300023904666665	0.4062976616466667
1	1	26	1	26	Low	1	Relatively Simple	2	Wrong	0.0	0.6871630806	0.6675245148666668
1	1	27	1	27	Low	1	Relatively Simple	2	Right	1.0	0.6506939208	0.6438607149333333
1	1	28	1	28	Low	1	Complex	5	Right	1.0	0.5730254666	0.5710447798
1	1	29	1	29	Low	1	Complex	5	Right	1.0	0.4001918611333333	0.40161894198666664
1	1	30	1	30	Low	1	Simple	1	Right	1.0	0.7349120195333333	0.7338380768666667
1	1	31	1	31	Low	1	Relatively Complex	4	Right	1.0	0.6424557848666667	0.6418994367333334
1	1	32	1	32	Low	1	Simple	1	Right	1.0	0.7305017939333333	0.7298947867333334
1	1	33	1	33	Low	1	Complex	5	Wrong	0.0	0.42565980140666665	0.43890965260000003
1	1	34	1	34	Low	1	Simple	1	Wrong	0.0	0.8421301197333334	0.7672500746666667
1	1	35	1	35	Low	1	Relatively Simple	2	Right	1.0	0.6574106444	0.6367069270666667
1	1	36	1	36	Low	1	Relatively Simple	2	Right	1.0	0.6785571731333334	0.6697443677333332
1	1	37	1	37	Low	1	Relatively Simple	2	Wrong	0.0	0.7753053858	0.7178055753333332
1	1	38	1	38	Low	1	Average	3	Right	1.0	0.59421268	0.5844878701333333
1	1	39	1	39	Low	1	Simple	1	Wrong	0.0	0.742999095	0.6889852944
1	1	40	1	40	Low	1	Simple	1	Wrong	0.0	0.8181248654666667	0.7281825466666666
1	1	41	2	1	Med	2	Simple	1	Wrong	0.0	0.8055763371333334	0.7981039118666665
1	1	42	2	2	Med	2	Relatively Complex	4	Right	1.0	0.6200182352	0.6187338425999999
1	1	43	2	3	Med	2	Complex	5	Right	1.0	0.5553290344	0.5551707048666668
1	1	44	2	4	Med	2	Simple	1	Wrong	0.0	0.819173402	0.7909621193999999
1	1	45	2	5	Med	2	Relatively Complex	4	Right	1.0	0.6208379279333333	0.6144379082666667
1	1	46	2	6	Med	2	Relatively Simple	2	Right	1.0	0.7823540497333333	0.7787326524
1	1	47	2	7	Med	2	Complex	5	Wrong	0.0	0.5493872846666666	0.5371574299333334
1	1	48	2	8	Med	2	Relatively Complex	4	Wrong	0.0	0.64124998996	0.6028314216666667
1	1	49	2	9	Med	2	Simple	1	Wrong	0.0	0.8288114856000001	0.7359320060000001
1	1	50	2	10	Med	2	Relatively Complex	4	Right	1.0	0.5972722229399999	0.5798477706666666
1	1	51	2	11	Med	2	Simple	1	Right	1.0	0.8115952309333333	0.7942444216666668
1	1	52	2	12	Med	2	Relatively Complex	4	Right	1.0	0.6586716922	0.6523998469333333
1	1	53	2	13	Med	2	Complex	5	Right	1.0	0.5615514393333333	0.5606714062
1	1	54	2	14	Med	2	Average	3	Wrong	0.0	0.6799621831999999	0.6575164031999999
1	1	55	2	15	Med	2	Complex	5	Wrong	0.0	0.5586220337	0.5413842382666667
1	1	56	2	16	Med	2	Complex	5	Wrong	0.0	0.5489075683333334	0.5331072443333333
1	1	57	2	17	Med	2	Relatively Simple	2	Wrong	0.0	0.7415965413333333	0.6667169073333333
1	1	58	2	18	Med	2	Average	3	Right	1.0	0.7110298557266667	0.6776567899333333
1	1	59	2	19	Med	2	Average	3	Right	1.0	0.6903319143333334	0.6766036985333334
1	1	60	2	20	Med	2	Average	3	Right	1.0	0.6907103615333333	0.6838484458666666
1	1	61	2	21	Med	2	Average	3	Wrong	0.0	0.6976846599999998	0.6570606779333333
1	1	62	2	22	Med	2	Simple	1	Right	1.0	0.7995262991333334	0.7762189197333335
1	1	63	2	23	Med	2	Complex	5	Right	1.0	0.5736529937333333	0.5703669245333333
1	1	64	2	24	Med	2	Complex	5	Right	1.0	0.5571482511333333	0.5560974861333333
1	1	65	2	25	Med	2	Complex	5	Right	1.0	0.5678274962000001	0.5671226157999999
1	1	66	2	26	Med	2	Relatively Simple	2	Wrong	0.0	0.7765507906666667	0.7463497694666666
1	1	67	2	27	Med	2	Relatively Simple	2	Wrong	0.0	0.7684866913333334	0.6990823475333334
1	1	68	2	28	Med	2	Complex	5	Wrong	0.0	0.5618748411333333	0.5399280862666668
1	1	69	2	29	Med	2	Complex	5	Right	1.0	0.5458668784	0.5414449621333333
1	1	70	2	30	Med	2	Simple	1	Right	1.0	0.8171925912	0.8084133277333333
1	1	71	2	31	Med	2	Relatively Complex	4	Right	1.0	0.6489935390666667	0.6452874566666668
1	1	72	2	32	Med	2	Simple	1	Right	1.0	0.8116922800666666	0.8088729724
1	1	73	2	33	Med	2	Complex	5	Wrong	0.0	0.5431304285999999	0.5333126091333333
1	1	74	2	34	Med	2	Simple	1	Wrong	0.0	0.8374928727333333	0.7501675872
1	1	75	2	35	Med	2	Relatively Simple	2	Right	1.0	0.7739211782000001	0.7320410137333333
1	1	76	2	36	Med	2	Relatively Simple	2	Right	1.0	0.7738059518	0.7523949483333334
1	1	77	2	37	Med	2	Relatively Simple	2	Right	1.0	0.7677965904666667	0.7565952818666667
1	1	78	2	38	Med	2	Average	3	Right	1.0	0.7206374687333333	0.7159096544
1	1	79	2	39	Med	2	Simple	1	Wrong	0.0	0.8155045061333334	0.7574006087333333
1	1	80	2	40	Med	2	Simple	1	Wrong	0.0	0.8191291713333334	0.7303072331333333
1	1	81	3	1	High	3	Simple	1	Wrong	0.0	0.8075578864666667	0.8066785336
1	1	82	3	2	High	3	Relatively Complex	4	Right	1.0	0.6305464064666667	0.6303532039333334
1	1	83	3	3	High	3	Complex	5	Right	1.0	0.5729408125200001	0.5728272222266667
1	1	84	3	4	High	3	Simple	1	Wrong	0.0	0.8099953672666667	0.7805868970000001
1	1	85	3	5	High	3	Relatively Complex	4	Right	1.0	0.6248882012	0.6191362338666667
1	1	86	3	6	High	3	Relatively Simple	2	Right	1.0	0.7676721891333332	0.7641423910666667
1	1	87	3	7	High	3	Complex	5	Right	1.0	0.5535849920133334	0.5532072735866667
1	1	88	3	8	High	3	Relatively Complex	4	Right	1.0	0.6313229882	0.6310019794666667
1	1	89	3	9	High	3	Simple	1	Right	1.0	0.8028731665333333	0.8023815914666667
1	1	90	3	10	High	3	Relatively Complex	4	Right	1.0	0.6463518983333333	0.6460801662000001
1	1	91	3	11	High	3	Simple	1	Right	1.0	0.8283670486	0.8279482860000001
1	1	92	3	12	High	3	Relatively Complex	4	Right	1.0	0.6405822242666667	0.6403475439333334
1	1	93	3	13	High	3	Complex	5	Right	1.0	0.5656191831733334	0.56551863562
1	1	94	3	14	High	3	Average	3	Right	1.0	0.7078568422	0.7075533874
1	1	95	3	15	High	3	Complex	5	Right	1.0	0.5844693605333333	0.5843321106666667
1	1	96	3	16	High	3	Complex	5	Wrong	0.0	0.5656824703333334	0.558721213
1	1	97	3	17	High	3	Relatively Simple	2	Right	1.0	0.7841575154666667	0.7776605062666667
1	1	98	3	18	High	3	Average	3	Right	1.0	0.7338809107333333	0.7311742871333333
1	1	99	3	19	High	3	Average	3	Right	1.0	0.7191097117999999	0.7178746204
1	1	100	3	20	High	3	Average	3	Right	1.0	0.6879200709333334	0.6873166971333333
1	1	101	3	21	High	3	Average	3	Right	1.0	0.7303769296666666	0.7298632879999999
1	1	102	3	22	High	3	Simple	1	Right	1.0	0.8218439697333334	0.8213248285333333
1	1	103	3	23	High	3	Complex	5	Right	1.0	0.5699134160666667	0.5698370128666667
1	1	104	3	24	High	3	Complex	5	Right	1.0	0.5796890210666666	0.5795594006666667
1	1	105	3	25	High	3	Complex	5	Right	1.0	0.5674124965333334	0.5672956286
1	1	106	3	26	High	3	Relatively Simple	2	Wrong	0.0	0.7678523722	0.7408140510666668
1	1	107	3	27	High	3	Relatively Simple	2	Wrong	0.0	0.7799858644666666	0.7088844179333332
1	1	108	3	28	High	3	Complex	5	Wrong	0.0	0.5330252619	0.5217227646
1	1	109	3	29	High	3	Complex	5	Right	1.0	0.5479239492666667	0.5425819458666666
1	1	110	3	30	High	3	Simple	1	Right	1.0	0.8047611845999999	0.7962705008666666
1	1	111	3	31	High	3	Relatively Complex	4	Right	1.0	0.6413245162	0.6386139162666666
1	1	112	3	32	High	3	Simple	1	Right	1.0	0.8016497416	0.7992175167333334
1	1	113	3	33	High	3	Complex	5	Wrong	0.0	0.530651351	0.5236125848666667
1	1	114	3	34	High	3	Simple	1	Right	1.0	0.8058988781333333	0.7909716627333333
1	1	115	3	35	High	3	Relatively Simple	2	Right	1.0	0.7810313381333334	0.7724727571333334
1	1	116	3	36	High	3	Relatively Simple	2	Right	1.0	0.7711361174000001	0.7665958738
1	1	117	3	37	High	3	Relatively Simple	2	Right	1.0	0.7783917438666667	0.7754655115333332
1	1	118	3	38	High	3	Average	3	Right	1.0	0.6957436135333334	0.6944475321999999
1	1	119	3	39	High	3	Simple	1	Right	1.0	0.8295522221999999	0.8283999692
1	1	120	3	40	High	3	Simple	1	Right	1.0	0.8209699173999999	0.8201367623333334
2	2	1	1	1	Low	1	Relatively Simple	2			0.504708666	0.5038708666666666
2	2	2	1	2	Low	1	Relatively Simple	2	Right	1.0	0.48577283200000004	0.486457774
2	2	3	1	3	Low	1	Relatively Simple	2	Right	1.0	0.48605147466666665	0.4862181606666667
2	2	4	1	4	Low	1	Simple	1	Wrong	0.0	0.5605895653333333	0.5538966666666666
2	2	5	1	5	Low	1	Complex	5	Wrong	0.0	0.45062418	0.4615115526666667
2	2	6	1	6	Low	1	Relatively Simple	2	Wrong	0.0	0.5437813806666667	0.5329729493333333
2	2	7	1	7	Low	1	Relatively Complex	4	Wrong	0.0	0.4710129726666667	0.47831202
2	2	8	1	8	Low	1	Relatively Simple	2	Wrong	0.0	0.49991986800000004	0.49995810533333335
2	2	9	1	9	Low	1	Relatively Complex	4	Wrong	0.0	0.47247254266666666	0.4794026853333333
2	2	10	1	10	Low	1	Relatively Complex	4	Right	1.0	0.46308542733333335	0.46463867600000003
2	2	11	1	11	Low	1	Relatively Complex	4	Wrong	0.0	0.4698514846666666	0.4749950246666667
2	2	12	1	12	Low	1	Relatively Simple	2	Wrong	0.0	0.49154000200000003	0.4937052026666667
2	2	13	1	13	Low	1	Complex	5	Right	1.0	0.44385759799999996	0.4468281393333333
2	2	14	1	14	Low	1	Simple	1	Right	1.0	0.5696722746666666	0.5690156286666667
2	2	15	1	15	Low	1	Average	3	Wrong	0.0	0.5546715906666666	0.5471702573333334
2	2	16	1	16	Low	1	Simple	1	Wrong	0.0	0.5067761193333333	0.5053439386666666
2	2	17	1	17	Low	1	Relatively Complex	4	Right	1.0	0.4523850786666667	0.45432933533333336
2	2	18	1	18	Low	1	Average	3	Right	1.0	0.477532082	0.47778346066666666
2	2	19	1	19	Low	1	Complex	5	Wrong	0.0	0.4528118206666667	0.4580245213333333
2	2	20	1	20	Low	1	Complex	5	Wrong	0.0	0.5181336733333333	0.5143454333333333
2	2	21	1	21	Low	1	Simple	1	Right	1.0	0.5675409379999999	0.565063902
2	2	22	1	22	Low	1	Complex	5	Wrong	0.0	0.45736783866666664	0.46587733666666664
2	2	23	1	23	Low	1	Complex	5	Right	1.0	0.446904402	0.4482971466666667
2	2	24	1	24	Low	1	Simple	1	Wrong	0.0	0.5700488093333334	0.560365616
2	2	25	1	25	Low	1	Average	3	Wrong	0.0	0.5375135666666667	0.5286314440000001
2	2	26	1	26	Low	1	Relatively Simple	2	Wrong	0.0	0.5047485506666667	0.503537048
2	2	27	1	27	Low	1	Average	3	Wrong	0.0	0.4826416273333334	0.4870236746666667
2	2	28	1	28	Low	1	Average	3	Right	1.0	0.5467064613333332	0.544432586
2	2	29	1	29	Low	1	Relatively Complex	4	Wrong	0.0	0.5312981766666667	0.5252829513333334
2	2	30	1	30	Low	1	Relatively Simple	2	Right	1.0	0.5645992679999999	0.5619212433333334
2	2	31	1	31	Low	1	Average	3	Wrong	0.0	0.5453358053333334	0.5366055866666667
2	2	32	1	32	Low	1	Simple	1	Right	1.0	0.5739063353333334	0.570702698
2	2	33	1	33	Low	1	Relatively Complex	4	Right	1.0	0.46486874533333333	0.46529092666666666
2	2	34	1	34	Low	1	Simple	1	Right	1.0	0.5010922026666667	0.500993012
2	2	35	1	35	Low	1	Complex	5	Wrong	0.0	0.4503730306666667	0.45598316333333333
2	2	36	1	36	Low	1	Relatively Complex	4	Wrong	0.0	0.4661773546666667	0.47286775266666664
2	2	37	1	37	Low	1	Simple	1	Right	1.0	0.49796788333333336	0.49802151
2	2	38	1	38	Low	1	Average	3	Right	1.0	0.47215227466666665	0.47232620733333325
2	2	39	1	39	Low	1	Complex	5	Right	1.0	0.435897566	0.435969426
2	2	40	1	40	Low	1	Average	3	Wrong	0.0	0.5428643793333333	0.5391474860000001
2	2	41	2	1	Med	2	Relatively Simple	2	Wrong	0.0	0.554538332	0.5458378526666666
2	2	42	2	2	Med	2	Relatively Simple	2	Right	1.0	0.5605576366666666	0.5588766633333333
2	2	43	2	3	Med	2	Relatively Simple	2	Right	1.0	0.5496508826666667	0.549342234
2	2	44	2	4	Med	2	Simple	1	Right	1.0	0.5713979633333334	0.5712328286666667
2	2	45	2	5	Med	2	Complex	5	Right	1.0	0.52612816	0.526078136
2	2	46	2	6	Med	2	Relatively Simple	2	Wrong	0.0	0.5625428213333333	0.556165708
2	2	47	2	7	Med	2	Relatively Complex	4	Wrong	0.0	0.533636882	0.526633766
2	2	48	2	8	Med	2	Relatively Simple	2	Wrong	0.0	0.56155864	0.5464527233333333
2	2	49	2	9	Med	2	Relatively Complex	4	Wrong	0.0	0.529186634	0.5217610553333333
2	2	50	2	10	Med	2	Relatively Complex	4	Right	1.0	0.5338233166666667	0.53186653
2	2	51	2	11	Med	2	Relatively Complex	4	Right	1.0	0.5365011533333334	0.5362634006666668
2	2	52	2	12	Med	2	Relatively Simple	2	Right	1.0	0.557900496	0.5577139246666668
2	2	53	2	13	Med	2	Complex	5	Wrong	0.0	0.5175278273333334	0.5157328673333333
2	2	54	2	14	Med	2	Simple	1	Right	1.0	0.569495336	0.5688928246666666
2	2	55	2	15	Med	2	Average	3	Right	1.0	0.5435053679999999	0.543386348
2	2	56	2	16	Med	2	Simple	1	Right	1.0	0.5634741560000001	0.5634061186666667
2	2	57	2	17	Med	2	Relatively Complex	4	Right	1.0	0.5302188306666666	0.530205028
2	2	58	2	18	Med	2	Average	3	Wrong	0.0	0.53247776	0.5282167686666667
2	2	59	2	19	Med	2	Complex	5	Wrong	0.0	0.5212812446666667	0.5170161413333333
2	2	60	2	20	Med	2	Complex	5	Wrong	0.0	0.5113868166666666	0.5085848780000001
2	2	61	2	21	Med	2	Simple	1	Right	1.0	0.5738074446666667	0.570550438
2	2	62	2	22	Med	2	Complex	5	Right	1.0	0.526579588	0.5264455973333333
2	2	63	2	23	Med	2	Complex	5	Right	1.0	0.5257343146666665	0.5256421773333334
2	2	64	2	24	Med	2	Simple	1	Right	1.0	0.5634459713333334	0.5633680286666666
2	2	65	2	25	Med	2	Average	3	Wrong	0.0	0.472398302	0.4757192006666667
2	2	66	2	26	Med	2	Relatively Simple	2	Right	1.0	0.5505992606666666	0.5502162613333333
2	2	67	2	27	Med	2	Average	3	Right	1.0	0.5501796840000001	0.5501358326666667
2	2	68	2	28	Med	2	Average	3	Right	1.0	0.5572456793333335	0.5571933973333333
2	2	69	2	29	Med	2	Relatively Complex	4	Right	1.0	0.524848258	0.5248263586666666
2	2	70	2	30	Med	2	Relatively Simple	2	Wrong	0.0	0.5613915380000001	0.5548465253333333
2	2	71	2	31	Med	2	Average	3	Wrong	0.0	0.5315632793333334	0.5249343759999999
2	2	72	2	32	Med	2	Simple	1	Wrong	0.0	0.5683272199999999	0.5518478526666667
2	2	73	2	33	Med	2	Relatively Complex	4	Right	1.0	0.5344181893333334	0.5326428226666667
2	2	74	2	34	Med	2	Simple	1	Right	1.0	0.5780748773333334	0.5772625346666667
2	2	75	2	35	Med	2	Complex	5	Right	1.0	0.5241397453333333	0.524070862
2	2	76	2	36	Med	2	Relatively Complex	4	Wrong	0.0	0.5209686106666666	0.5182108580000001
2	2	77	2	37	Med	2	Simple	1	Right	1.0	0.5079379073333333	0.5078536226666667
2	2	78	2	38	Med	2	Average	3	Right	1.0	0.470405972	0.4704086453333334
2	2	79	2	39	Med	2	Complex	5	Wrong	0.0	0.4479442173333333	0.45193913533333335
2	2	80	2	40	Med	2	Average	3	Right	1.0	0.5419921013333333	0.5418620913333333
2	2	81	3	1	High	3	Relatively Simple	2	Wrong	0.0	0.5407217046666667	0.5406661466666667
2	2	82	3	2	High	3	Relatively Simple	2	Right	1.0	0.561128972	0.5610757513333333
2	2	83	3	3	High	3	Relatively Simple	2	Right	1.0	0.547756026	0.5477141126666667
2	2	84	3	4	High	3	Simple	1	Wrong	0.0	0.5732429766666667	0.5657358853333333
2	2	85	3	5	High	3	Complex	5	Right	1.0	0.5208302986666666	0.5205154746666667
2	2	86	3	6	High	3	Relatively Simple	2	Right	1.0	0.5597877926666667	0.559731324
2	2	87	3	7	High	3	Relatively Complex	4	Right	1.0	0.5350621073333334	0.53503148
2	2	88	3	8	High	3	Relatively Simple	2	Right	1.0	0.5621084926666667	0.5620539619999999
2	2	89	3	9	High	3	Relatively Complex	4	Right	1.0	0.538186364	0.5381527853333333
2	2	90	3	10	High	3	Relatively Complex	4	Right	1.0	0.535529622	0.5354984213333334
2	2	91	3	11	High	3	Relatively Complex	4	Right	1.0	0.5168634966666666	0.516848724
2	2	92	3	12	High	3	Relatively Simple	2	Right	1.0	0.5556285406666667	0.5555799693333333
2	2	93	3	13	High	3	Complex	5	Right	1.0	0.5202595313333332	0.520241742
2	2	94	3	14	High	3	Simple	1	Right	1.0	0.5637866653333333	0.5637307853333332
2	2	95	3	15	High	3	Average	3	Right	1.0	0.5408528746666666	0.5408172533333334
2	2	96	3	16	High	3	Simple	1	Wrong	0.0	0.5602431413333333	0.553477058
2	2	97	3	17	High	3	Relatively Complex	4	Right	1.0	0.5398282213333333	0.53950723
2	2	98	3	18	High	3	Average	3	Right	1.0	0.54410696	0.5440666293333334
2	2	99	3	19	High	3	Complex	5	Right	1.0	0.5177147266666667	0.5176993266666666
2	2	100	3	20	High	3	Complex	5	Right	1.0	0.5161839273333334	0.5161696746666667
2	2	101	3	21	High	3	Simple	1	Right	1.0	0.569852462	0.569791544
2	2	102	3	22	High	3	Complex	5	Right	1.0	0.5239768206666667	0.5239559226666667
2	2	103	3	23	High	3	Complex	5	Right	1.0	0.52436901	0.5243477246666667
2	2	104	3	24	High	3	Simple	1	Right	1.0	0.5716930179999999	0.5716300546666666
2	2	105	3	25	High	3	Average	3	Right	1.0	0.5427264833333334	0.542689146
2	2	106	3	26	High	3	Relatively Simple	2	Wrong	0.0	0.5528441853333333	0.5469617800000001
2	2	107	3	27	High	3	Average	3	Wrong	0.0	0.530814836	0.5242589586666666
2	2	108	3	28	High	3	Average	3	Wrong	0.0	0.529092322	0.521991816
2	2	109	3	29	High	3	Relatively Complex	4	Right	1.0	0.527844462	0.5268014573333333
2	2	110	3	30	High	3	Relatively Simple	2	Right	1.0	0.5576208253333333	0.5571989973333333
2	2	111	3	31	High	3	Average	3	Right	1.0	0.5464620366666667	0.5463874113333334
2	2	112	3	32	High	3	Simple	1	Right	1.0	0.5705748693333333	0.5704976326666668
2	2	113	3	33	High	3	Relatively Complex	4	Wrong	0.0	0.537262002	0.53228091
2	2	114	3	34	High	3	Simple	1	Right	1.0	0.552759038	0.5523096273333333
2	2	115	3	35	High	3	Complex	5	Right	1.0	0.5302997913333333	0.5302699426666667
2	2	116	3	36	High	3	Relatively Complex	4	Right	1.0	0.537269472	0.5372358553333333
2	2	117	3	37	High	3	Simple	1	Right	1.0	0.5771677359999999	0.5771001873333333
2	2	118	3	38	High	3	Average	3	Right	1.0	0.5468926966666666	0.546851876
2	2	119	3	39	High	3	Complex	5	Right	1.0	0.522938482	0.5229186733333333
2	2	120	3	40	High	3	Average	3	Right	1.0	0.4679591693333333	0.46798723533333336
3	3	1	1	1	Low	1	Relatively Simple	2			0.5605957856	0.5551114433333333
3	3	2	1	2	Low	1	Simple	1	Wrong	0.0	0.5873244704666667	0.5660981973333333
3	3	3	1	3	Low	1	Relatively Simple	2	Right	1.0	0.5216568608	0.5200517996666667
3	3	4	1	4	Low	1	Complex	5	Wrong	0.0	0.4131972228666667	0.43088236273333336
3	3	5	1	5	Low	1	Relatively Complex	4	Wrong	0.0	0.5883031991333333	0.5657640826666667
3	3	6	1	6	Low	1	Relatively Complex	4	Wrong	0.0	0.5830785978666667	0.5601917486666667
3	3	7	1	7	Low	1	Relatively Complex	4	Right	1.0	0.43144831633333336	0.4374564770666667
3	3	8	1	8	Low	1	Relatively Simple	2	Right	1.0	0.5204742994666667	0.5200796636
3	3	9	1	9	Low	1	Simple	1	Wrong	0.0	0.6636448573333333	0.6417037686666668
3	3	10	1	10	Low	1	Complex	5	Right	1.0	0.40760305173333333	0.41066465726666673
3	3	11	1	11	Low	1	Average	3	Wrong	0.0	0.5097895716666666	0.5076527413333333
3	3	12	1	12	Low	1	Relatively Complex	4	Wrong	0.0	0.5758468196000001	0.557821712
3	3	13	1	13	Low	1	Average	3	Wrong	0.0	0.5977323596	0.5712800339999999
3	3	14	1	14	Low	1	Average	3	Wrong	0.0	0.6082551388	0.57894883
3	3	15	1	15	Low	1	Relatively Simple	2	Wrong	0.0	0.6332464808	0.596972384
3	3	16	1	16	Low	1	Complex	5	Right	1.0	0.5542910317333334	0.5498723646
3	3	17	1	17	Low	1	Complex	5	Wrong	0.0	0.5421874539333332	0.533086956
3	3	18	1	18	Low	1	Relatively Complex	4	Wrong	0.0	0.5577225448666666	0.5419947193333333
3	3	19	1	19	Low	1	Relatively Simple	2	Right	1.0	0.5279054531333333	0.5262257837333334
3	3	20	1	20	Low	1	Average	3	Wrong	0.0	0.6111866859333334	0.5887430413333333
3	3	21	1	21	Low	1	Average	3	Wrong	0.0	0.49915565320000005	0.499459284
3	3	22	1	22	Low	1	Relatively Complex	4	Wrong	0.0	0.4714275095333333	0.4793572693333334
3	3	23	1	23	Low	1	Complex	5	Wrong	0.0	0.4312704138666666	0.45003642466666666
3	3	24	1	24	Low	1	Relatively Complex	4	Wrong	0.0	0.46695117226666666	0.4758791306666667
3	3	25	1	25	Low	1	Average	3	Wrong	0.0	0.5207724544666666	0.5150369106666667
3	3	26	1	26	Low	1	Average	3	Right	1.0	0.4848736546666667	0.4856176355333333
3	3	27	1	27	Low	1	Complex	5	Right	1.0	0.4055222128	0.4068202196
3	3	28	1	28	Low	1	Complex	5	Wrong	0.0	0.4301781056666667	0.43688897126666665
3	3	29	1	29	Low	1	Simple	1	Wrong	0.0	0.5710148011333334	0.5563367800000001
3	3	30	1	30	Low	1	Simple	1	Right	1.0	0.5585429670666667	0.5552903265999999
3	3	31	1	31	Low	1	Complex	5	Right	1.0	0.404217952	0.40569748073333334
3	3	32	1	32	Low	1	Relatively Complex	4	Right	1.0	0.45592479579999995	0.45602099386666667
3	3	33	1	33	Low	1	Simple	1	Wrong	0.0	0.5841474626000001	0.5767871417333333
3	3	34	1	34	Low	1	Simple	1	Wrong	0.0	0.5840381173333333	0.5661894353333333
3	3	35	1	35	Low	1	Relatively Simple	2	Right	1.0	0.5169238377333334	0.5160419194666667
3	3	36	1	36	Low	1	Relatively Simple	2	Right	1.0	0.5171444659333333	0.5167077658666667
3	3	37	1	37	Low	1	Relatively Simple	2	Wrong	0.0	0.5307897898666667	0.5265214790666667
3	3	38	1	38	Low	1	Average	3	Right	1.0	0.47967327553333333	0.48008016719999996
3	3	39	1	39	Low	1	Simple	1	Right	1.0	0.5548984014666666	0.5547531796666666
3	3	40	1	40	Low	1	Simple	1	Wrong	0.0	0.5636087876666668	0.5553616253999999
3	3	41	2	1	Med	2	Relatively Simple	2	Wrong	0.0	0.6425349538666667	0.6413238328666667
3	3	42	2	2	Med	2	Simple	1	Right	1.0	0.6755114458000001	0.6753229270666666
3	3	43	2	3	Med	2	Relatively Simple	2	Right	1.0	0.6439419356	0.6437959604666667
3	3	44	2	4	Med	2	Complex	5	Wrong	0.0	0.5450535568666667	0.5393923119999999
3	3	45	2	5	Med	2	Relatively Complex	4	Wrong	0.0	0.5838861637333334	0.5642302433333334
3	3	46	2	6	Med	2	Relatively Complex	4	Wrong	0.0	0.5654066706666667	0.5483079559999999
3	3	47	2	7	Med	2	Relatively Complex	4	Right	1.0	0.5806958354666667	0.5752712937333334
3	3	48	2	8	Med	2	Relatively Simple	2	Right	1.0	0.6433645468666667	0.6410912746666666
3	3	49	2	9	Med	2	Simple	1	Right	1.0	0.6843993638666667	0.6834186769333334
3	3	50	2	10	Med	2	Complex	5	Right	1.0	0.5582849880666667	0.5581506609333333
3	3	51	2	11	Med	2	Average	3	Wrong	0.0	0.6063022331333333	0.5930528266666666
3	3	52	2	12	Med	2	Relatively Complex	4	Wrong	0.0	0.5823777206666666	0.562787206
3	3	53	2	13	Med	2	Average	3	Wrong	0.0	0.6177655494666666	0.5868511046666667
3	3	54	2	14	Med	2	Average	3	Wrong	0.0	0.6118711603333334	0.5817730766666668
3	3	55	2	15	Med	2	Relatively Simple	2	Right	1.0	0.6456763154666666	0.6342158240000001
3	3	56	2	16	Med	2	Complex	5	Right	1.0	0.42164806753333334	0.42406707706666663
3	3	57	2	17	Med	2	Complex	5	Wrong	0.0	0.4240720948666667	0.43400794793333336
3	3	58	2	18	Med	2	Relatively Complex	4	Right	1.0	0.5816807778666666	0.5800067944666667
3	3	59	2	19	Med	2	Relatively Simple	2	Right	1.0	0.6515777676000001	0.6506023800666666
3	3	60	2	20	Med	2	Average	3	Right	1.0	0.6204291743333333	0.6200972332666668
3	3	61	2	21	Med	2	Average	3	Wrong	0.0	0.5102989148666667	0.5109664546666667
3	3	62	2	22	Med	2	Relatively Complex	4	Wrong	0.0	0.5823413028000001	0.5632730060000001
3	3	63	2	23	Med	2	Complex	5	Right	1.0	0.5377719262666667	0.5360912648666667
3	3	64	2	24	Med	2	Relatively Complex	4	Right	1.0	0.4412694340666667	0.4419690406666667
3	3	65	2	25	Med	2	Average	3	Right	1.0	0.48455750746666665	0.4846435664
3	3	66	2	26	Med	2	Average	3	Wrong	0.0	0.6117355974666667	0.5997793042666667
3	3	67	2	27	Med	2	Complex	5	Right	1.0	0.41082058066666666	0.4121766233333333
3	3	68	2	28	Med	2	Complex	5	Right	1.0	0.4136273522	0.4137927202
3	3	69	2	29	Med	2	Simple	1	Wrong	0.0	0.6817703433333334	0.666530244
3	3	70	2	30	Med	2	Simple	1	Wrong	0.0	0.6653631316	0.6282226586666666
3	3	71	2	31	Med	2	Complex	5	Wrong	0.0	0.5535358575333333	0.5394344353333334
3	3	72	2	32	Med	2	Relatively Complex	4	Right	1.0	0.5728414250666667	0.5685411681333333
3	3	73	2	33	Med	2	Simple	1	Right	1.0	0.6867746416666667	0.6838482144000001
3	3	74	2	34	Med	2	Simple	1	Right	1.0	0.6753092893333333	0.6741292580000001
3	3	75	2	35	Med	2	Relatively Simple	2	Wrong	0.0	0.6348655175999999	0.6113760166666667
3	3	76	2	36	Med	2	Relatively Simple	2	Right	1.0	0.6518673670666667	0.6458204048666667
3	3	77	2	37	Med	2	Relatively Simple	2	Right	1.0	0.5206844516666667	0.5205345589333333
3	3	78	2	38	Med	2	Average	3	Wrong	0.0	0.49029061179999994	0.4920777216
3	3	79	2	39	Med	2	Simple	1	Wrong	0.0	0.6589085834666667	0.6242391733333333
3	3	80	2	40	Med	2	Simple	1	Right	1.0	0.6761176386666667	0.6652223993333334
3	3	81	3	1	High	3	Relatively Simple	2	Wrong	0.0	0.6351080394666667	0.6347652728666667
3	3	82	3	2	High	3	Simple	1	Right	1.0	0.6646662978000001	0.6644991471333334
3	3	83	3	3	High	3	Relatively Simple	2	Right	1.0	0.6547867817999999	0.6546281281333334
3	3	84	3	4	High	3	Complex	5	Right	1.0	0.5632041210666666	0.5631379109333334
3	3	85	3	5	High	3	Relatively Complex	4	Wrong	0.0	0.5753253916	0.565283732
3	3	86	3	6	High	3	Relatively Complex	4	Right	1.0	0.5861826366666666	0.5844580942666666
3	3	87	3	7	High	3	Relatively Complex	4	Right	1.0	0.5808279399333333	0.5805871243999999
3	3	88	3	8	High	3	Relatively Simple	2	Right	1.0	0.6547973499333334	0.6546001041333332
3	3	89	3	9	High	3	Simple	1	Right	1.0	0.6813694655333333	0.6811813886666668
3	3	90	3	10	High	3	Complex	5	Right	1.0	0.5446343898	0.5445894619333332
3	3	91	3	11	High	3	Average	3	Right	1.0	0.6044989555333334	0.6043924401999999
3	3	92	3	12	High	3	Relatively Complex	4	Right	1.0	0.5809776539333332	0.5808940334
3	3	93	3	13	High	3	Average	3	Right	1.0	0.6127349060666667	0.6126199038666666
3	3	94	3	14	High	3	Average	3	Right	1.0	0.6041047248	0.6039971006
3	3	95	3	15	High	3	Relatively Simple	2	Right	1.0	0.6622797918666666	0.6621141632
3	3	96	3	16	High	3	Complex	5	Right	1.0	0.5608151451333333	0.5607524953333333
3	3	97	3	17	High	3	Complex	5	Wrong	0.0	0.5313463318	0.5271639300000001
3	3	98	3	18	High	3	Relatively Complex	4	Right	1.0	0.5746395318666667	0.5731922923333334
3	3	99	3	19	High	3	Relatively Simple	2	Right	1.0	0.651739315	0.651335282
3	3	100	3	20	High	3	Average	3	Right	1.0	0.6262375319333334	0.6260559482
3	3	101	3	21	High	3	Average	3	Right	1.0	0.625082982	0.6249477953333333
3	3	102	3	22	High	3	Relatively Complex	4	Right	1.0	0.5721814962000001	0.5721051166
3	3	103	3	23	High	3	Complex	5	Right	1.0	0.5569031206	0.5568429677333334
3	3	104	3	24	High	3	Relatively Complex	4	Right	1.0	0.5917788882	0.5916836488
3	3	105	3	25	High	3	Average	3	Right	1.0	0.628833234	0.628700119
3	3	106	3	26	High	3	Average	3	Right	1.0	0.6183112780666666	0.618189891
3	3	107	3	27	High	3	Complex	5	Wrong	0.0	0.5467997683333333	0.53979488
3	3	108	3	28	High	3	Complex	5	Wrong	0.0	0.5359423881333333	0.528348022
3	3	109	3	29	High	3	Simple	1	Wrong	0.0	0.6623291003333334	0.6201825013333333
3	3	110	3	30	High	3	Simple	1	Right	1.0	0.6653713614666666	0.6520922373333334
3	3	111	3	31	High	3	Complex	5	Right	1.0	0.5624246162	0.5609903583333333
3	3	112	3	32	High	3	Relatively Complex	4	Right	1.0	0.5899620216	0.5893926742666667
3	3	113	3	33	High	3	Simple	1	Right	1.0	0.6799977123333334	0.679577099
3	3	114	3	34	High	3	Simple	1	Wrong	0.0	0.6744774854000001	0.6462667080000001
3	3	115	3	35	High	3	Relatively Simple	2	Right	1.0	0.6511864596666666	0.6448963317333334
3	3	116	3	36	High	3	Relatively Simple	2	Right	1.0	0.6576519228000001	0.6562363491333333
3	3	117	3	37	High	3	Relatively Simple	2	Right	1.0	0.6390456076666666	0.6385877211333334
3	3	118	3	38	High	3	Average	3	Right	1.0	0.6151995117333333	0.615059302
3	3	119	3	39	High	3	Simple	1	Right	1.0	0.6869517047999999	0.6867434293333333
3	3	120	3	40	High	3	Simple	1	Right	1.0	0.6652817830666667	0.6651136968666665
4	4	1	1	1	Low	1	Relatively Simple	2			0.7660736286000001	0.686043646
4	4	2	1	2	Low	1	Relatively Simple	2	Right	1.0	0.7800345667333334	0.7464696877333333
4	4	3	1	3	Low	1	Relatively Simple	2	Right	1.0	0.7903164352	0.7744272759999999
4	4	4	1	4	Low	1	Simple	1	Right	1.0	0.8380355593200001	0.8307134871333334
4	4	5	1	5	Low	1	Complex	5	Wrong	0.0	0.4182817623333333	0.4423217214
4	4	6	1	6	Low	1	Relatively Simple	2	Wrong	0.0	0.67491863252	0.6218085535333334
4	4	7	1	7	Low	1	Relatively Complex	4	Right	1.0	0.4768941241	0.4776672206666667
4	4	8	1	8	Low	1	Relatively Simple	2	Right	1.0	0.7756578538666666	0.7702637284000001
4	4	9	1	9	Low	1	Relatively Complex	4	Wrong	0.0	0.5099854387733334	0.5076742180666667
4	4	10	1	10	Low	1	Relatively Complex	4	Right	1.0	0.4661335332	0.46795911073333335
4	4	11	1	11	Low	1	Relatively Complex	4	Wrong	0.0	0.49501362262	0.49543949606666665
4	4	12	1	12	Low	1	Relatively Simple	2	Wrong	0.0	0.6725027926	0.6267910506
4	4	13	1	13	Low	1	Complex	5	Wrong	0.0	0.4175588429333333	0.44375149553333326
4	4	14	1	14	Low	1	Simple	1	Right	1.0	0.8490974356000001	0.8356105748
4	4	15	1	15	Low	1	Average	3	Wrong	0.0	0.5788367095266667	0.5547872497333334
4	4	16	1	16	Low	1	Simple	1	Right	1.0	0.8452346841999999	0.8252250289333333
4	4	17	1	17	Low	1	Relatively Complex	4	Wrong	0.0	0.4990695653333333	0.4989186193333333
4	4	18	1	18	Low	1	Average	3	Wrong	0.0	0.6251393772666667	0.5849676346
4	4	19	1	19	Low	1	Complex	5	Wrong	0.0	0.43733552206666665	0.4586622653333334
4	4	20	1	20	Low	1	Complex	5	Wrong	0.0	0.4401557257	0.46039375866666665
4	4	21	1	21	Low	1	Simple	1	Wrong	0.0	0.8251812917333333	0.7275804193333334
4	4	22	1	22	Low	1	Complex	5	Right	1.0	0.41744299106666666	0.43042852986666663
4	4	23	1	23	Low	1	Complex	5	Right	1.0	0.38700892252	0.3898063035666666
4	4	24	1	24	Low	1	Simple	1	Right	1.0	0.8259069783999999	0.8241868064666668
4	4	25	1	25	Low	1	Average	3	Right	1.0	0.5777093647333333	0.5774351156
4	4	26	1	26	Low	1	Relatively Simple	2	Wrong	0.0	0.6592675361999999	0.6357254857333334
4	4	27	1	27	Low	1	Average	3	Wrong	0.0	0.5964374555999999	0.5702387575333333
4	4	28	1	28	Low	1	Average	3	Right	1.0	0.5471766807999999	0.5445523072
4	4	29	1	29	Low	1	Relatively Complex	4	Right	1.0	0.44667220919999995	0.447622802
4	4	30	1	30	Low	1	Relatively Simple	2	Right	1.0	0.7774132488	0.7765480235333332
4	4	31	1	31	Low	1	Average	3	Right	1.0	0.7368903857333334	0.7362789032666667
4	4	32	1	32	Low	1	Simple	1	Wrong	0.0	0.8489273880666667	0.7871606586666667
4	4	33	1	33	Low	1	Relatively Complex	4	Wrong	0.0	0.49828660825333326	0.498498214
4	4	34	1	34	Low	1	Simple	1	Wrong	0.0	0.8089406784666666	0.7190527160000001
4	4	35	1	35	Low	1	Complex	5	Right	1.0	0.39741790994666665	0.41368568309333337
4	4	36	1	36	Low	1	Relatively Complex	4	Right	1.0	0.6682025328666666	0.6643343966666667
4	4	37	1	37	Low	1	Simple	1	Right	1.0	0.8542009510666667	0.8516296995333333
4	4	38	1	38	Low	1	Average	3	Wrong	0.0	0.5696292658666666	0.5505088545333333
4	4	39	1	39	Low	1	Complex	5	Right	1.0	0.38912512777333336	0.39640667046666667
4	4	40	1	40	Low	1	Average	3	Right	1.0	0.5524233916666667	0.5521424168666668
4	4	41	2	1	Med	2	Relatively Simple	2	Wrong	0.0	0.7868486354666667	0.7723882056666667
4	4	42	2	2	Med	2	Relatively Simple	2	Right	1.0	0.782385273	0.7784437107333333
4	4	43	2	3	Med	2	Relatively Simple	2	Wrong	0.0	0.7835963546000001	0.7150759771333334
4	4	44	2	4	Med	2	Simple	1	Wrong	0.0	0.8280336721333333	0.7338054566666666
4	4	45	2	5	Med	2	Complex	5	Wrong	0.0	0.45064313613333334	0.4662536800666666
4	4	46	2	6	Med	2	Relatively Simple	2	Right	1.0	0.6304169448666667	0.6254047943333333
4	4	47	2	7	Med	2	Relatively Complex	4	Right	1.0	0.6620015057333334	0.6591638686666667
4	4	48	2	8	Med	2	Relatively Simple	2	Wrong	0.0	0.6580711420666666	0.6281815048
4	4	49	2	9	Med	2	Relatively Complex	4	Right	1.0	0.6614926865333333	0.6523988191333333
4	4	50	2	10	Med	2	Relatively Complex	4	Right	1.0	0.6780754521999999	0.6749318915333333
4	4	51	2	11	Med	2	Relatively Complex	4	Right	1.0	0.6801759949333334	0.6783890255333332
4	4	52	2	12	Med	2	Relatively Simple	2	Wrong	0.0	0.6591431571999999	0.6302304795333333
4	4	53	2	13	Med	2	Complex	5	Wrong	0.0	0.41640800701999997	0.4411363688
4	4	54	2	14	Med	2	Simple	1	Right	1.0	0.8351545988	0.8242586308666667
4	4	55	2	15	Med	2	Average	3	Right	1.0	0.7474018886666668	0.7421834162666667
4	4	56	2	16	Med	2	Simple	1	Right	1.0	0.8557636895999999	0.8530721598666666
4	4	57	2	17	Med	2	Relatively Complex	4	Wrong	0.0	0.6585450902666666	0.6133527566666667
4	4	58	2	18	Med	2	Average	3	Wrong	0.0	0.7143695306	0.6462629766666667
4	4	59	2	19	Med	2	Complex	5	Right	1.0	0.38144063568666664	0.3941329234
4	4	60	2	20	Med	2	Complex	5	Right	1.0	0.4007323384733333	0.4029021314866667
4	4	61	2	21	Med	2	Simple	1	Wrong	0.0	0.8324954657333333	0.8027363646
4	4	62	2	22	Med	2	Complex	5	Wrong	0.0	0.41722646710000005	0.44339799873333335
4	4	63	2	23	Med	2	Complex	5	Right	1.0	0.595379099	0.5917171632666667
4	4	64	2	24	Med	2	Simple	1	Right	1.0	0.8520267767333333	0.8478761262666668
4	4	65	2	25	Med	2	Average	3	Right	1.0	0.7374880317999999	0.7359774258666666
4	4	66	2	26	Med	2	Relatively Simple	2	Wrong	0.0	0.6746861223999999	0.6394627258666666
4	4	67	2	27	Med	2	Average	3	Right	1.0	0.7301418467333333	0.7165436231333332
4	4	68	2	28	Med	2	Average	3	Right	1.0	0.7360804792666666	0.7307663114
4	4	69	2	29	Med	2	Relatively Complex	4	Wrong	0.0	0.49622971483999995	0.49814386839999997
4	4	70	2	30	Med	2	Relatively Simple	2	Wrong	0.0	0.8069995832	0.7202068226666666
4	4	71	2	31	Med	2	Average	3	Right	1.0	0.5920845627333332	0.5806134909999999
4	4	72	2	32	Med	2	Simple	1	Right	1.0	0.8244956519333333	0.8151042219333333
4	4	73	2	33	Med	2	Relatively Complex	4	Right	1.0	0.6620387037333333	0.6586809536666666
4	4	74	2	34	Med	2	Simple	1	Right	1.0	0.8302047465333334	0.8283559240666666
4	4	75	2	35	Med	2	Complex	5	Wrong	0.0	0.5656765654	0.5471761438666666
4	4	76	2	36	Med	2	Relatively Complex	4	Right	1.0	0.6583545663333333	0.6495372201333333
4	4	77	2	37	Med	2	Simple	1	Right	1.0	0.8223643714	0.8176269762
4	4	78	2	38	Med	2	Average	3	Right	1.0	0.7434595571333333	0.7412126233333334
4	4	79	2	39	Med	2	Complex	5	Right	1.0	0.37825494680000005	0.37898569239999996
4	4	80	2	40	Med	2	Average	3	Right	1.0	0.7281656754000001	0.727650648
4	4	81	3	1	High	3	Relatively Simple	2	Right	1.0	0.7951765301333333	0.7943409950666666
4	4	82	3	2	High	3	Relatively Simple	2	Right	1.0	0.7812906952666667	0.7809157656666667
4	4	83	3	3	High	3	Relatively Simple	2	Right	1.0	0.7635589525333333	0.7632066832666666
4	4	84	3	4	High	3	Simple	1	Wrong	0.0	0.8224117006666667	0.760193282
4	4	85	3	5	High	3	Complex	5	Right	1.0	0.6093926162666666	0.5974796046
4	4	86	3	6	High	3	Relatively Simple	2	Right	1.0	0.7767527298666668	0.7700875917333333
4	4	87	3	7	High	3	Relatively Complex	4	Right	1.0	0.6922092675333333	0.6897814828
4	4	88	3	8	High	3	Relatively Simple	2	Right	1.0	0.7791944504666667	0.7778232150666667
4	4	89	3	9	High	3	Relatively Complex	4	Right	1.0	0.6768298468	0.6762757856666667
4	4	90	3	10	High	3	Relatively Complex	4	Right	1.0	0.6764166810666666	0.6760188035333333
4	4	91	3	11	High	3	Relatively Complex	4	Right	1.0	0.6631134029333333	0.6627964942000001
4	4	92	3	12	High	3	Relatively Simple	2	Right	1.0	0.7729297314	0.7725430013999999
4	4	93	3	13	High	3	Complex	5	Right	1.0	0.6167224109333332	0.6165067348000001
4	4	94	3	14	High	3	Simple	1	Right	1.0	0.8506263048666667	0.850203949
4	4	95	3	15	High	3	Average	3	Right	1.0	0.7465913988666667	0.7462167668
4	4	96	3	16	High	3	Simple	1	Wrong	0.0	0.8317084079333333	0.7705447903333335
4	4	97	3	17	High	3	Relatively Complex	4	Right	1.0	0.6724622903999999	0.6567663491333333
4	4	98	3	18	High	3	Average	3	Right	1.0	0.7416323677333333	0.7355742933333334
4	4	99	3	19	High	3	Complex	5	Right	1.0	0.5926417154666667	0.5917399113999999
4	4	100	3	20	High	3	Complex	5	Right	1.0	0.5976948746933334	0.5973680922866667
4	4	101	3	21	High	3	Simple	1	Right	1.0	0.8389834349999999	0.8384990210666667
4	4	102	3	22	High	3	Complex	5	Right	1.0	0.6037446331333333	0.6035646056
4	4	103	3	23	High	3	Complex	5	Right	1.0	0.6259283568666666	0.6257149732666667
4	4	104	3	24	High	3	Simple	1	Right	1.0	0.8277655137999999	0.8273702547333334
4	4	105	3	25	High	3	Average	3	Right	1.0	0.7343109245333334	0.7339540381999999
4	4	106	3	26	High	3	Relatively Simple	2	Wrong	0.0	0.7769937638000001	0.7222008534000001
4	4	107	3	27	High	3	Average	3	Wrong	0.0	0.7142290858666667	0.6503861993333334
4	4	108	3	28	High	3	Average	3	Wrong	0.0	0.7070709716666667	0.6401638373333333
4	4	109	3	29	High	3	Relatively Complex	4	Right	1.0	0.6897479673333334	0.6688856908666668
4	4	110	3	30	High	3	Relatively Simple	2	Right	1.0	0.6359440747333333	0.6304657211999999
4	4	111	3	31	High	3	Average	3	Right	1.0	0.7315524837333335	0.7284171078666667
4	4	112	3	32	High	3	Simple	1	Wrong	0.0	0.8231929588666667	0.7606003581333334
4	4	113	3	33	High	3	Relatively Complex	4	Right	1.0	0.6531129487999999	0.6385837886
4	4	114	3	34	High	3	Simple	1	Right	1.0	0.8253876439733333	0.8178508098666667
4	4	115	3	35	High	3	Complex	5	Right	1.0	0.6077498157333333	0.6059534389333333
4	4	116	3	36	High	3	Relatively Complex	4	Right	1.0	0.6911992288666666	0.6901169260666666
4	4	117	3	37	High	3	Simple	1	Right	1.0	0.8388995856666667	0.838057885
4	4	118	3	38	High	3	Average	3	Right	1.0	0.7328521488666667	0.7322613171333333
4	4	119	3	39	High	3	Complex	5	Right	1.0	0.6137350494666666	0.6134926468666667
4	4	120	3	40	High	3	Average	3	Wrong	0.0	0.5766965428666667	0.5656817279333333
5	5	1	1	1	Low	1	Relatively Simple	2			0.7732653072666666	0.6992771564
5	5	2	1	2	Low	1	Relatively Simple	2	Wrong	0.0	0.7797847249333333	0.6893160886666667
5	5	3	1	3	Low	1	Relatively Simple	2	Wrong	0.0	0.8015213322	0.7044705906666667
5	5	4	1	4	Low	1	Simple	1	Wrong	0.0	0.8525700532933334	0.743960306
5	5	5	1	5	Low	1	Complex	5	Right	1.0	0.3975200053066666	0.42227368998
5	5	6	1	6	Low	1	Relatively Simple	2	Wrong	0.0	0.7863741100666667	0.7064459761999999
5	5	7	1	7	Low	1	Relatively Complex	4	Wrong	0.0	0.6502182459333333	0.5960852720666666
5	5	8	1	8	Low	1	Relatively Simple	2	Right	1.0	0.8057028397333333	0.7638927099333334
5	5	9	1	9	Low	1	Relatively Complex	4	Right	1.0	0.48043110095333336	0.48292897736
5	5	10	1	10	Low	1	Relatively Complex	4	Wrong	0.0	0.6561729708	0.6223306539333334
5	5	11	1	11	Low	1	Relatively Complex	4	Wrong	0.0	0.6352917598	0.5915827530666666
5	5	12	1	12	Low	1	Relatively Simple	2	Wrong	0.0	0.7353465676666667	0.6559323355333333
5	5	13	1	13	Low	1	Complex	5	Right	1.0	0.5725848276800001	0.5587269829333333
5	5	14	1	14	Low	1	Simple	1	Right	1.0	0.8456441746	0.8250481502000001
5	5	15	1	15	Low	1	Average	3	Right	1.0	0.7561068078000001	0.7434625101333333
5	5	16	1	16	Low	1	Simple	1	Wrong	0.0	0.8442662723333333	0.7733503079333334
5	5	17	1	17	Low	1	Relatively Complex	4	Wrong	0.0	0.5170295822333333	0.511070791
5	5	18	1	18	Low	1	Average	3	Right	1.0	0.7497638339333333	0.7232919742
5	5	19	1	19	Low	1	Complex	5	Wrong	0.0	0.42511037366	0.44711528219999996
5	5	20	1	20	Low	1	Complex	5	Wrong	0.0	0.43368586329333336	0.4549515851333333
5	5	21	1	21	Low	1	Simple	1	Wrong	0.0	0.8283957871	0.7270550006666667
5	5	22	1	22	Low	1	Complex	5	Wrong	0.0	0.5465892837666666	0.5292170399999999
5	5	23	1	23	Low	1	Complex	5	Right	1.0	0.36648757670666665	0.38372550468000005
5	5	24	1	24	Low	1	Simple	1	Wrong	0.0	0.8445052934	0.7838668548
5	5	25	1	25	Low	1	Average	3	Right	1.0	0.7554503183333333	0.7212788713333333
5	5	26	1	26	Low	1	Relatively Simple	2	Wrong	0.0	0.7266107512	0.6618007710666666
5	5	27	1	27	Low	1	Average	3	Wrong	0.0	0.7369482343933335	0.6569400917333333
5	5	28	1	28	Low	1	Average	3	Wrong	0.0	0.7559696478000001	0.6679366546666667
5	5	29	1	29	Low	1	Relatively Complex	4	Wrong	0.0	0.6465744928	0.5933498233333333
5	5	30	1	30	Low	1	Relatively Simple	2	Wrong	0.0	0.7884976031333334	0.6936908900000001
5	5	31	1	31	Low	1	Average	3	Wrong	0.0	0.7396164682	0.6556669033333333
5	5	32	1	32	Low	1	Simple	1	Right	1.0	0.8477994418	0.7974668105333333
5	5	33	1	33	Low	1	Relatively Complex	4	Wrong	0.0	0.64880214628	0.5965731485333333
5	5	34	1	34	Low	1	Simple	1	Right	1.0	0.8455201342666667	0.8054942078666666
5	5	35	1	35	Low	1	Complex	5	Wrong	0.0	0.5707830644866667	0.5480011973333334
5	5	36	1	36	Low	1	Relatively Complex	4	Right	1.0	0.46380619254000005	0.46760864474
5	5	37	1	37	Low	1	Simple	1	Right	1.0	0.74658319156	0.7371677581733334
5	5	38	1	38	Low	1	Average	3	Wrong	0.0	0.7224584026666667	0.6718339636666667
5	5	39	1	39	Low	1	Complex	5	Wrong	0.0	0.5626186991733334	0.5400212956
5	5	40	1	40	Low	1	Average	3	Right	1.0	0.7184507561600001	0.6939073391333332
5	5	41	2	1	Med	2	Relatively Simple	2	Wrong	0.0	0.6863972213933334	0.6559134746666667
5	5	42	2	2	Med	2	Relatively Simple	2	Right	1.0	0.6846128031266666	0.6708908108666666
5	5	43	2	3	Med	2	Relatively Simple	2	Wrong	0.0	0.809633812	0.7394321116000001
5	5	44	2	4	Med	2	Simple	1	Wrong	0.0	0.8583436583999999	0.7543800093333334
5	5	45	2	5	Med	2	Complex	5	Wrong	0.0	0.5509093303133333	0.5317745946666667
5	5	46	2	6	Med	2	Relatively Simple	2	Right	1.0	0.7979735869333333	0.7651287038666666
5	5	47	2	7	Med	2	Relatively Complex	4	Right	1.0	0.4542076377866667	0.45776451650666666
5	5	48	2	8	Med	2	Relatively Simple	2	Wrong	0.0	0.8050218600666668	0.7569933618666665
5	5	49	2	9	Med	2	Relatively Complex	4	Right	1.0	0.6631879035866667	0.6450724708133332
5	5	50	2	10	Med	2	Relatively Complex	4	Right	1.0	0.6609175758266667	0.6530134558466667
5	5	51	2	11	Med	2	Relatively Complex	4	Right	1.0	0.4504692144733333	0.45160916616666663
5	5	52	2	12	Med	2	Relatively Simple	2	Wrong	0.0	0.7896318670000001	0.7625924787999999
5	5	53	2	13	Med	2	Complex	5	Wrong	0.0	0.5759656699666666	0.5538427094666667
5	5	54	2	14	Med	2	Simple	1	Wrong	0.0	0.8552725792666666	0.7508773472
5	5	55	2	15	Med	2	Average	3	Right	1.0	0.7527656754000001	0.7022628208
5	5	56	2	16	Med	2	Simple	1	Right	1.0	0.7471924978266666	0.7222472872133334
5	5	57	2	17	Med	2	Relatively Complex	4	Right	1.0	0.4564823096733333	0.4590867832266667
5	5	58	2	18	Med	2	Average	3	Wrong	0.0	0.7544562465999999	0.7109621630666667
5	5	59	2	19	Med	2	Complex	5	Right	1.0	0.34948461232666667	0.3645844196466667
5	5	60	2	20	Med	2	Complex	5	Right	1.0	0.36936031982666667	0.37226596052666666
5	5	61	2	21	Med	2	Simple	1	Wrong	0.0	0.8805563845333334	0.8564203875333334
5	5	62	2	22	Med	2	Complex	5	Wrong	0.0	0.5566570693333334	0.5399188443999999
5	5	63	2	23	Med	2	Complex	5	Wrong	0.0	0.56822344024	0.543724106
5	5	64	2	24	Med	2	Simple	1	Right	1.0	0.8429139758666667	0.8084028182666666
5	5	65	2	25	Med	2	Average	3	Right	1.0	0.5646780892000001	0.5585017144000001
5	5	66	2	26	Med	2	Relatively Simple	2	Wrong	0.0	0.8195147436666668	0.7579815591333333
5	5	67	2	27	Med	2	Average	3	Right	1.0	0.7401647223333333	0.7121333975333334
5	5	68	2	28	Med	2	Average	3	Right	1.0	0.5711487153866667	0.5664164669933333
5	5	69	2	29	Med	2	Relatively Complex	4	Wrong	0.0	0.6612914594	0.6275987472000001
5	5	70	2	30	Med	2	Relatively Simple	2	Wrong	0.0	0.7933068553333333	0.7115845666
5	5	71	2	31	Med	2	Average	3	Wrong	0.0	0.7257916946000001	0.647145528
5	5	72	2	32	Med	2	Simple	1	Right	1.0	0.8451834130666667	0.7977163883333332
5	5	73	2	33	Med	2	Relatively Complex	4	Wrong	0.0	0.6360221197133333	0.5894708802666666
5	5	74	2	34	Med	2	Simple	1	Right	1.0	0.8645982642	0.8241775022666668
5	5	75	2	35	Med	2	Complex	5	Right	1.0	0.3692257714466667	0.38254333595999995
5	5	76	2	36	Med	2	Relatively Complex	4	Wrong	0.0	0.49995235972	0.5010332545333334
5	5	77	2	37	Med	2	Simple	1	Right	1.0	0.8489860449333334	0.8324348635333333
5	5	78	2	38	Med	2	Average	3	Right	1.0	0.5684744609666667	0.56494115388
5	5	79	2	39	Med	2	Complex	5	Right	1.0	0.37429553111333336	0.37720029790666665
5	5	80	2	40	Med	2	Average	3	Right	1.0	0.5631389011333333	0.5622991575533334
5	5	81	3	1	High	3	Relatively Simple	2	Wrong	0.0	0.7015382126	0.7005954138
5	5	82	3	2	High	3	Relatively Simple	2	Wrong	0.0	0.8015681856666667	0.7512096704666668
5	5	83	3	3	High	3	Relatively Simple	2	Right	1.0	0.7992292312666667	0.7758133182
5	5	84	3	4	High	3	Simple	1	Right	1.0	0.8625435194666666	0.8487330156666667
5	5	85	3	5	High	3	Complex	5	Right	1.0	0.5679119717533333	0.5658963857333333
5	5	86	3	6	High	3	Relatively Simple	2	Right	1.0	0.8111326776666666	0.8084387899333333
5	5	87	3	7	High	3	Relatively Complex	4	Right	1.0	0.6727841824666667	0.6715607440000001
5	5	88	3	8	High	3	Relatively Simple	2	Right	1.0	0.811693694	0.8106748552666666
5	5	89	3	9	High	3	Relatively Complex	4	Right	1.0	0.6722038549333332	0.6718226896
5	5	90	3	10	High	3	Relatively Complex	4	Right	1.0	0.6564355891866667	0.65601342886
5	5	91	3	11	High	3	Relatively Complex	4	Right	1.0	0.6631942519333334	0.6628756830666667
5	5	92	3	12	High	3	Relatively Simple	2	Right	1.0	0.8111016684666668	0.8105811148000001
5	5	93	3	13	High	3	Complex	5	Right	1.0	0.6101486297533333	0.6098988156066666
5	5	94	3	14	High	3	Simple	1	Wrong	0.0	0.85192788164	0.8207702121333335
5	5	95	3	15	High	3	Average	3	Right	1.0	0.7214060725333332	0.7074637861999999
5	5	96	3	16	High	3	Simple	1	Right	1.0	0.8677004994666667	0.8605771743999999
5	5	97	3	17	High	3	Relatively Complex	4	Right	1.0	0.6387312239733333	0.6365094467333333
5	5	98	3	18	High	3	Average	3	Right	1.0	0.7430086162666667	0.7414908596666666
5	5	99	3	19	High	3	Complex	5	Right	1.0	0.5692004546999999	0.56890455608
5	5	100	3	20	High	3	Complex	5	Right	1.0	0.5855523562466667	0.58525803146
5	5	101	3	21	High	3	Simple	1	Right	1.0	0.844457425	0.8440142742666666
5	5	102	3	22	High	3	Complex	5	Right	1.0	0.3426864064733333	0.3430182032933333
5	5	103	3	23	High	3	Complex	5	Wrong	0.0	0.56824613544	0.5653819161333334
5	5	104	3	24	High	3	Simple	1	Wrong	0.0	0.8566602360000001	0.8075226914
5	5	105	3	25	High	3	Average	3	Wrong	0.0	0.7408359886066666	0.6660221985333333
5	5	106	3	26	High	3	Relatively Simple	2	Right	1.0	0.8025234026	0.7608397646666667
5	5	107	3	27	High	3	Average	3	Right	1.0	0.7556902745333334	0.7324852115999999
5	5	108	3	28	High	3	Average	3	Right	1.0	0.7084443331333334	0.6983795950666667
5	5	109	3	29	High	3	Relatively Complex	4	Right	1.0	0.6555337057999999	0.6506579168000001
5	5	110	3	30	High	3	Relatively Simple	2	Wrong	0.0	0.7966466401333334	0.7518439181333334
5	5	111	3	31	High	3	Average	3	Right	1.0	0.7205621088666666	0.7019403308666666
5	5	112	3	32	High	3	Simple	1	Right	1.0	0.8447118556	0.8330484019333334
5	5	113	3	33	High	3	Relatively Complex	4	Right	1.0	0.6730945894000001	0.6681130459999999
5	5	114	3	34	High	3	Simple	1	Right	1.0	0.8599494199333333	0.8564256022666666
5	5	115	3	35	High	3	Complex	5	Right	1.0	0.5796810846666668	0.5786628298
5	5	116	3	36	High	3	Relatively Complex	4	Right	1.0	0.6792396848000001	0.6780349099333334
5	5	117	3	37	High	3	Simple	1	Right	1.0	0.8555501186666666	0.8545284390666666
5	5	118	3	38	High	3	Average	3	Wrong	0.0	0.72815920848	0.6720604134
5	5	119	3	39	High	3	Complex	5	Right	1.0	0.6026141183333333	0.5909200022666666
5	5	120	3	40	High	3	Average	3	Right	1.0	0.7174064042666667	0.7074740851333333
6	6	1	1	1	Low	1	Relatively Simple	2			0.8432322132666666	0.72000552
6	6	2	1	2	Low	1	Relatively Simple	2	Wrong	0.0	0.8219751366	0.7040497800000001
6	6	3	1	3	Low	1	Relatively Simple	2	Wrong	0.0	0.8262975740666668	0.708747142
6	6	4	1	4	Low	1	Simple	1	Wrong	0.0	0.8906207902666666	0.7616832126666667
6	6	5	1	5	Low	1	Complex	5	Right	1.0	0.5283267814333333	0.5191754472666666
6	6	6	1	6	Low	1	Relatively Simple	2	Right	1.0	0.8315806888666666	0.8075084332000001
6	6	7	1	7	Low	1	Relatively Complex	4	Right	1.0	0.6599045139999999	0.6506013436666667
6	6	8	1	8	Low	1	Relatively Simple	2	Right	1.0	0.8289427443999999	0.821473394
6	6	9	1	9	Low	1	Relatively Complex	4	Wrong	0.0	0.6510087427933334	0.6063529851999999
6	6	10	1	10	Low	1	Relatively Complex	4	Wrong	0.0	0.6582379042000001	0.5985038571333333
6	6	11	1	11	Low	1	Relatively Complex	4	Wrong	0.0	0.6465853588066667	0.5871346940000001
6	6	12	1	12	Low	1	Relatively Simple	2	Wrong	0.0	0.83665736908	0.7142144833333334
6	6	13	1	13	Low	1	Complex	5	Wrong	0.0	0.5465086571466667	0.5254264846666666
6	6	14	1	14	Low	1	Simple	1	Right	1.0	0.8910730428666667	0.8591661676666668
6	6	15	1	15	Low	1	Average	3	Wrong	0.0	0.7600330899333333	0.6675539667333332
6	6	16	1	16	Low	1	Simple	1	Wrong	0.0	0.8883502490666667	0.7639292726666667
6	6	17	1	17	Low	1	Relatively Complex	4	Wrong	0.0	0.6663882886666667	0.595514584
6	6	18	1	18	Low	1	Average	3	Right	1.0	0.7466447992666666	0.7112637361266666
6	6	19	1	19	Low	1	Complex	5	Right	1.0	0.5247046329666667	0.52125698968
6	6	20	1	20	Low	1	Complex	5	Right	1.0	0.5686057370800001	0.5657983201733333
6	6	21	1	21	Low	1	Simple	1	Wrong	0.0	0.9017762737599999	0.8561638577333333
6	6	22	1	22	Low	1	Complex	5	Wrong	0.0	0.553505236	0.5312174564666666
6	6	23	1	23	Low	1	Complex	5	Wrong	0.0	0.5441435461533333	0.5261244826666668
6	6	24	1	24	Low	1	Simple	1	Wrong	0.0	0.8979988502666666	0.7682586913333332
6	6	25	1	25	Low	1	Average	3	Right	1.0	0.7823460918666667	0.7089104193333333
6	6	26	1	26	Low	1	Relatively Simple	2	Right	1.0	0.8554036326666666	0.8118784208666666
6	6	27	1	27	Low	1	Average	3	Right	1.0	0.7594867395866668	0.7358975570666667
6	6	28	1	28	Low	1	Average	3	Wrong	0.0	0.7760226606000001	0.6914379926666667
6	6	29	1	29	Low	1	Relatively Complex	4	Wrong	0.0	0.6743204447866665	0.6035693539999999
6	6	30	1	30	Low	1	Relatively Simple	2	Right	1.0	0.8373330867999998	0.7950518345333334
6	6	31	1	31	Low	1	Average	3	Right	1.0	0.7592944929333333	0.7341979641333333
6	6	32	1	32	Low	1	Simple	1	Wrong	0.0	0.90612730242	0.8123931542
6	6	33	1	33	Low	1	Relatively Complex	4	Right	1.0	0.67006451872	0.6329582755333334
6	6	34	1	34	Low	1	Simple	1	Wrong	0.0	0.8626500968333334	0.757157452
6	6	35	1	35	Low	1	Complex	5	Wrong	0.0	0.5594187294599999	0.5338729966666667
6	6	36	1	36	Low	1	Relatively Complex	4	Wrong	0.0	0.5509495068533333	0.529159652
6	6	37	1	37	Low	1	Simple	1	Wrong	0.0	0.8742653992	0.752405238
6	6	38	1	38	Low	1	Average	3	Wrong	0.0	0.7627630885333333	0.6599576713333333
6	6	39	1	39	Low	1	Complex	5	Right	1.0	0.5724323891533333	0.5569742484866667
6	6	40	1	40	Low	1	Average	3	Wrong	0.0	0.7548211638866666	0.6740580993999999
6	6	41	2	1	Med	2	Relatively Simple	2	Wrong	0.0	0.75503933106	0.7490263716066666
6	6	42	2	2	Med	2	Relatively Simple	2	Wrong	0.0	0.8381352936	0.7625388037333333
6	6	43	2	3	Med	2	Relatively Simple	2	Wrong	0.0	0.8320256902666667	0.7177117486666668
6	6	44	2	4	Med	2	Simple	1	Right	1.0	0.8976111023333333	0.835843233
6	6	45	2	5	Med	2	Complex	5	Right	1.0	0.5533321760866666	0.5443795665866666
6	6	46	2	6	Med	2	Relatively Simple	2	Right	1.0	0.8594341516666666	0.8443029593999999
6	6	47	2	7	Med	2	Relatively Complex	4	Right	1.0	0.6812112128133334	0.6744441949933333
6	6	48	2	8	Med	2	Relatively Simple	2	Wrong	0.0	0.8360224826866668	0.7753926219866667
6	6	49	2	9	Med	2	Relatively Complex	4	Wrong	0.0	0.68224718656	0.612760478
6	6	50	2	10	Med	2	Relatively Complex	4	Wrong	0.0	0.6684381373333333	0.6005994353333334
6	6	51	2	11	Med	2	Relatively Complex	4	Wrong	0.0	0.6420855366000001	0.5824676866666666
6	6	52	2	12	Med	2	Relatively Simple	2	Right	1.0	0.855631534	0.8113163514
6	6	53	2	13	Med	2	Complex	5	Right	1.0	0.5588789978	0.5537916970666666
6	6	54	2	14	Med	2	Simple	1	Right	1.0	0.90500088414	0.89370448824
6	6	55	2	15	Med	2	Average	3	Wrong	0.0	0.7290514475333333	0.6522828222
6	6	56	2	16	Med	2	Simple	1	Right	1.0	0.8948741417333332	0.8504167447333333
6	6	57	2	17	Med	2	Relatively Complex	4	Right	1.0	0.6484400193000001	0.6303724292
6	6	58	2	18	Med	2	Average	3	Right	1.0	0.7377413818666666	0.7267800167333333
6	6	59	2	19	Med	2	Complex	5	Right	1.0	0.5616323199133334	0.5604051922466667
6	6	60	2	20	Med	2	Complex	5	Wrong	0.0	0.5397549370933333	0.5332228398866666
6	6	61	2	21	Med	2	Simple	1	Wrong	0.0	0.8836199194000001	0.8036116308666666
6	6	62	2	22	Med	2	Complex	5	Wrong	0.0	0.55057330996	0.5298161968666667
6	6	63	2	23	Med	2	Complex	5	Right	1.0	0.5569661999000001	0.5507064288066666
6	6	64	2	24	Med	2	Simple	1	Right	1.0	0.8874190364733333	0.8751780801333333
6	6	65	2	25	Med	2	Average	3	Right	1.0	0.7593276412400001	0.7510066468
6	6	66	2	26	Med	2	Relatively Simple	2	Right	1.0	0.8332361804	0.8273838295333333
6	6	67	2	27	Med	2	Average	3	Wrong	0.0	0.7509759650666666	0.6809378722
6	6	68	2	28	Med	2	Average	3	Wrong	0.0	0.7545082625333333	0.6648479225333334
6	6	69	2	29	Med	2	Relatively Complex	4	Right	1.0	0.65982123982	0.6308909420000001
6	6	70	2	30	Med	2	Relatively Simple	2	Right	1.0	0.8562908847999999	0.8327751504666666
6	6	71	2	31	Med	2	Average	3	Right	1.0	0.7714210046933333	0.7575858937266666
6	6	72	2	32	Med	2	Simple	1	Right	1.0	0.9074112628000001	0.8993986818
6	6	73	2	33	Med	2	Relatively Complex	4	Wrong	0.0	0.5247633482333333	0.5148681343999999
6	6	74	2	34	Med	2	Simple	1	Wrong	0.0	0.8964449272	0.7791009280000001
6	6	75	2	35	Med	2	Complex	5	Right	1.0	0.5465307784000001	0.5330764335333333
6	6	76	2	36	Med	2	Relatively Complex	4	Right	1.0	0.6930200315866667	0.6758833086133333
6	6	77	2	37	Med	2	Simple	1	Right	1.0	0.9011925784666667	0.8903700346000001
6	6	78	2	38	Med	2	Average	3	Wrong	0.0	0.7728886492933333	0.6827232086
6	6	79	2	39	Med	2	Complex	5	Right	1.0	0.5491228566799999	0.5404316638000001
6	6	80	2	40	Med	2	Average	3	Right	1.0	0.7627320976666666	0.7483984755333334
6	6	81	3	1	High	3	Relatively Simple	2	Right	1.0	0.8478614705333333	0.7668429593333332
6	6	82	3	2	High	3	Relatively Simple	2	Right	1.0	0.8257658917533334	0.7814557832666665
6	6	83	3	3	High	3	Relatively Simple	2	Right	1.0	0.8409234713333333	0.8147626473999999
6	6	84	3	4	High	3	Simple	1	Right	1.0	0.8758499238	0.8620143066
6	6	85	3	5	High	3	Complex	5	Right	1.0	0.5530856575733334	0.5502496212133333
6	6	86	3	6	High	3	Relatively Simple	2	Right	1.0	0.8082801946133333	0.8044319635333332
6	6	87	3	7	High	3	Relatively Complex	4	Right	1.0	0.6506965492866666	0.6486947090333334
6	6	88	3	8	High	3	Relatively Simple	2	Right	1.0	0.8477670935333332	0.8458990472666668
6	6	89	3	9	High	3	Relatively Complex	4	Right	1.0	0.65154370854	0.6508869809866668
6	6	90	3	10	High	3	Relatively Complex	4	Right	1.0	0.6497403359733332	0.6489968728133334
6	6	91	3	11	High	3	Relatively Complex	4	Right	1.0	0.6802741303933334	0.6795538152666666
6	6	92	3	12	High	3	Relatively Simple	2	Wrong	0.0	0.8579978416	0.8097899327999999
6	6	93	3	13	High	3	Complex	5	Right	1.0	0.57591510084	0.5682701578000001
6	6	94	3	14	High	3	Simple	1	Right	1.0	0.8947318592666665	0.8877123512666666
6	6	95	3	15	High	3	Average	3	Right	1.0	0.7834909546666666	0.7781828111999999
6	6	96	3	16	High	3	Simple	1	Right	1.0	0.8848388586666666	0.8827184159333333
6	6	97	3	17	High	3	Relatively Complex	4	Right	1.0	0.6771797400666667	0.6755860258666666
6	6	98	3	18	High	3	Average	3	Right	1.0	0.7714324133333333	0.7702017185333334
6	6	99	3	19	High	3	Complex	5	Right	1.0	0.54408369028	0.5438765956666667
6	6	100	3	20	High	3	Complex	5	Right	1.0	0.5454467879333333	0.5452912739933334
6	6	101	3	21	High	3	Simple	1	Right	1.0	0.8980046102	0.8973761331333333
6	6	102	3	22	High	3	Complex	5	Wrong	0.0	0.5075580574933333	0.50460086874
6	6	103	3	23	High	3	Complex	5	Wrong	0.0	0.5496701116333335	0.5311759681333333
6	6	104	3	24	High	3	Simple	1	Wrong	0.0	0.9061977953333334	0.7847111046666666
6	6	105	3	25	High	3	Average	3	Right	1.0	0.7649364597333334	0.6991714708
6	6	106	3	26	High	3	Relatively Simple	2	Right	1.0	0.8309714412666667	0.7945560837999999
6	6	107	3	27	High	3	Average	3	Right	1.0	0.7779359338666666	0.7576462034666666
6	6	108	3	28	High	3	Average	3	Right	1.0	0.7835500175333333	0.7713418059333333
6	6	109	3	29	High	3	Relatively Complex	4	Wrong	0.0	0.6630784299333333	0.6137839983866666
6	6	110	3	30	High	3	Relatively Simple	2	Right	1.0	0.83055463476	0.8025478446
6	6	111	3	31	High	3	Average	3	Right	1.0	0.76269059632	0.7473710647333333
6	6	112	3	32	High	3	Simple	1	Right	1.0	0.9075819398666667	0.8983381600000001
6	6	113	3	33	High	3	Relatively Complex	4	Right	1.0	0.6718970848666667	0.6674517063333334
6	6	114	3	34	High	3	Simple	1	Right	1.0	0.8878097871333334	0.8848210761333334
6	6	115	3	35	High	3	Complex	5	Right	1.0	0.5656631319800001	0.56505471316
6	6	116	3	36	High	3	Relatively Complex	4	Right	1.0	0.6618528868266667	0.6607339620133333
6	6	117	3	37	High	3	Simple	1	Wrong	0.0	0.9015603560000001	0.8556822099333333
6	6	118	3	38	High	3	Average	3	Right	1.0	0.7770441875999999	0.7507446305333333
6	6	119	3	39	High	3	Complex	5	Right	1.0	0.5701347673199999	0.5665533125333334
6	6	120	3	40	High	3	Average	3	Right	1.0	0.752739272	0.7492876669333334
7	7	1	1	1	Low	1	Relatively Simple	2			0.6638830072666666	0.6194442006666666
7	7	2	1	2	Low	1	Relatively Simple	2	Wrong	0.0	0.650272271	0.6081141626666667
7	7	3	1	3	Low	1	Relatively Simple	2	Right	1.0	0.6782487831999999	0.6600882220000001
7	7	4	1	4	Low	1	Simple	1	Wrong	0.0	0.7030860036666667	0.6530484573333334
7	7	5	1	5	Low	1	Complex	5	Wrong	0.0	0.5401950626666666	0.5290092153333333
7	7	6	1	6	Low	1	Relatively Simple	2	Wrong	0.0	0.6564495446666666	0.6128234013333334
7	7	7	1	7	Low	1	Relatively Complex	4	Right	1.0	0.5989253138666667	0.5880855962
7	7	8	1	8	Low	1	Relatively Simple	2	Right	1.0	0.5367672562	0.5353032744666667
7	7	9	1	9	Low	1	Relatively Complex	4	Wrong	0.0	0.4579267137333334	0.4640231669333333
7	7	10	1	10	Low	1	Relatively Complex	4	Wrong	0.0	0.45025238593333333	0.462194469
7	7	11	1	11	Low	1	Relatively Complex	4	Right	1.0	0.43745561026666663	0.4411081107333333
7	7	12	1	12	Low	1	Relatively Simple	2	Right	1.0	0.5361672436	0.5355812856
7	7	13	1	13	Low	1	Complex	5	Wrong	0.0	0.39700674593333335	0.40940527633333335
7	7	14	1	14	Low	1	Simple	1	Right	1.0	0.5642578364666666	0.5630241816666667
7	7	15	1	15	Low	1	Average	3	Right	1.0	0.4740947096666667	0.47435934733333335
7	7	16	1	16	Low	1	Simple	1	Wrong	0.0	0.7105860101333333	0.6906415950000001
7	7	17	1	17	Low	1	Relatively Complex	4	Wrong	0.0	0.5914697012666666	0.5695076000666667
7	7	18	1	18	Low	1	Average	3	Wrong	0.0	0.6231693136666666	0.58938357
7	7	19	1	19	Low	1	Complex	5	Right	1.0	0.399980246	0.4094225451333333
7	7	20	1	20	Low	1	Complex	5	Wrong	0.0	0.5451503053333333	0.5367543067333332
7	7	21	1	21	Low	1	Simple	1	Right	1.0	0.6922854312000001	0.6824690338666667
7	7	22	1	22	Low	1	Complex	5	Wrong	0.0	0.43715169386666664	0.45148423480000005
7	7	23	1	23	Low	1	Complex	5	Wrong	0.0	0.5536998697333333	0.5385584966666667
7	7	24	1	24	Low	1	Simple	1	Wrong	0.0	0.7047465355333333	0.648388234
7	7	25	1	25	Low	1	Average	3	Wrong	0.0	0.6218342925333334	0.587509312
7	7	26	1	26	Low	1	Relatively Simple	2	Wrong	0.0	0.6862129396	0.6340841586666667
7	7	27	1	27	Low	1	Average	3	Wrong	0.0	0.6307692651333333	0.5939537
7	7	28	1	28	Low	1	Average	3	Right	1.0	0.6160524914	0.6049135856
7	7	29	1	29	Low	1	Relatively Complex	4	Wrong	0.0	0.5897516449333334	0.5679115453333333
7	7	30	1	30	Low	1	Relatively Simple	2	Right	1.0	0.5472902714666666	0.5438997061333333
7	7	31	1	31	Low	1	Average	3	Right	1.0	0.4885134820666666	0.4888066831333333
7	7	32	1	32	Low	1	Simple	1	Right	1.0	0.5633207273333333	0.5628000833333333
7	7	33	1	33	Low	1	Relatively Complex	4	Wrong	0.0	0.4488461597333333	0.4553429618
7	7	34	1	34	Low	1	Simple	1	Right	1.0	0.5744070377333333	0.5727088073333333
7	7	35	1	35	Low	1	Complex	5	Right	1.0	0.39267825133333334	0.3931420863333333
7	7	36	1	36	Low	1	Relatively Complex	4	Right	1.0	0.4253151019333334	0.4253865169333333
7	7	37	1	37	Low	1	Simple	1	Wrong	0.0	0.7077946268666667	0.6917139597333334
7	7	38	1	38	Low	1	Average	3	Right	1.0	0.4964538060666667	0.49683394200000003
7	7	39	1	39	Low	1	Complex	5	Wrong	0.0	0.41927805539999996	0.429637593
7	7	40	1	40	Low	1	Average	3	Wrong	0.0	0.6154007828666667	0.591935196
7	7	41	2	1	Med	2	Relatively Simple	2	Wrong	0.0	0.6718728654666667	0.6337933200000001
7	7	42	2	2	Med	2	Relatively Simple	2	Wrong	0.0	0.6591657542	0.615358074
7	7	43	2	3	Med	2	Relatively Simple	2	Right	1.0	0.6749556332666667	0.6572896253333332
7	7	44	2	4	Med	2	Simple	1	Right	1.0	0.7066661777333333	0.698680512
7	7	45	2	5	Med	2	Complex	5	Right	1.0	0.5596220855333333	0.5581902277333334
7	7	46	2	6	Med	2	Relatively Simple	2	Wrong	0.0	0.6715473137333333	0.647606567
7	7	47	2	7	Med	2	Relatively Complex	4	Right	1.0	0.5841711068000001	0.5806573252666668
7	7	48	2	8	Med	2	Relatively Simple	2	Right	1.0	0.6720883925333334	0.6696041587333332
7	7	49	2	9	Med	2	Relatively Complex	4	Right	1.0	0.43159083093333334	0.43210151559999993
7	7	50	2	10	Med	2	Relatively Complex	4	Wrong	0.0	0.6013539990666668	0.5930033934666666
7	7	51	2	11	Med	2	Relatively Complex	4	Wrong	0.0	0.5829364018666666	0.5645840506666667
7	7	52	2	12	Med	2	Relatively Simple	2	Wrong	0.0	0.5591693238000001	0.543761574
7	7	53	2	13	Med	2	Complex	5	Right	1.0	0.5546386246666667	0.5507374519333333
7	7	54	2	14	Med	2	Simple	1	Right	1.0	0.7174961947333335	0.7129996674666668
7	7	55	2	15	Med	2	Average	3	Right	1.0	0.6423652108	0.6408873624666667
7	7	56	2	16	Med	2	Simple	1	Wrong	0.0	0.5953050468000001	0.5814006464
7	7	57	2	17	Med	2	Relatively Complex	4	Right	1.0	0.5946785132666667	0.5906009726
7	7	58	2	18	Med	2	Average	3	Right	1.0	0.4760633670666667	0.4760445665333333
7	7	59	2	19	Med	2	Complex	5	Right	1.0	0.5404327664	0.5403007506
7	7	60	2	20	Med	2	Complex	5	Wrong	0.0	0.567214896	0.5595618776000001
7	7	61	2	21	Med	2	Simple	1	Wrong	0.0	0.7073510004666668	0.661732578
7	7	62	2	22	Med	2	Complex	5	Wrong	0.0	0.5408723252000001	0.5298632933333334
7	7	63	2	23	Med	2	Complex	5	Right	1.0	0.5560086988	0.5516601943333334
7	7	64	2	24	Med	2	Simple	1	Right	1.0	0.7058770215333333	0.701779767
7	7	65	2	25	Med	2	Average	3	Right	1.0	0.5066903122666667	0.5064861286000001
7	7	66	2	26	Med	2	Relatively Simple	2	Right	1.0	0.5251566100666667	0.5252028257333333
7	7	67	2	27	Med	2	Average	3	Right	1.0	0.49159572533333334	0.4916072417333333
7	7	68	2	28	Med	2	Average	3	Wrong	0.0	0.6318644394666667	0.6186839556666667
7	7	69	2	29	Med	2	Relatively Complex	4	Wrong	0.0	0.5886899482666667	0.5692113174
7	7	70	2	30	Med	2	Relatively Simple	2	Right	1.0	0.6706288154666668	0.6615161079333333
7	7	71	2	31	Med	2	Average	3	Wrong	0.0	0.6296297686	0.601640234
7	7	72	2	32	Med	2	Simple	1	Right	1.0	0.7123595408	0.6984976826666666
7	7	73	2	33	Med	2	Relatively Complex	4	Right	1.0	0.6020966943333333	0.5995027444666667
7	7	74	2	34	Med	2	Simple	1	Right	1.0	0.5704927343333334	0.5699671068
7	7	75	2	35	Med	2	Complex	5	Right	1.0	0.40974154366666665	0.4099633266666667
7	7	76	2	36	Med	2	Relatively Complex	4	Right	1.0	0.5781773649333334	0.5780714040666667
7	7	77	2	37	Med	2	Simple	1	Right	1.0	0.5937816625333333	0.5936484376000001
7	7	78	2	38	Med	2	Average	3	Right	1.0	0.6247133605333334	0.6245597612
7	7	79	2	39	Med	2	Complex	5	Right	1.0	0.5793339702000001	0.5792435885999999
7	7	80	2	40	Med	2	Average	3	Wrong	0.0	0.6157055206	0.6028803768666667
7	7	81	3	1	High	3	Relatively Simple	2	Right	1.0	0.6508888950666667	0.6504485825333333
7	7	82	3	2	High	3	Relatively Simple	2	Right	1.0	0.6518847587333333	0.651725432
7	7	83	3	3	High	3	Relatively Simple	2	Wrong	0.0	0.6704186518	0.6457221186666666
7	7	84	3	4	High	3	Simple	1	Right	1.0	0.7002217337333333	0.6921692942000001
7	7	85	3	5	High	3	Complex	5	Right	1.0	0.5558632421333333	0.5552053737333335
7	7	86	3	6	High	3	Relatively Simple	2	Right	1.0	0.6825143526	0.6818902224666666
7	7	87	3	7	High	3	Relatively Complex	4	Right	1.0	0.5847918388666666	0.5845976486666667
7	7	88	3	8	High	3	Relatively Simple	2	Right	1.0	0.6630713173333332	0.6628768927333334
7	7	89	3	9	High	3	Relatively Complex	4	Right	1.0	0.5847118737333333	0.5846203654000001
7	7	90	3	10	High	3	Relatively Complex	4	Right	1.0	0.6052737932	0.6051570332
7	7	91	3	11	High	3	Relatively Complex	4	Right	1.0	0.5934361102666666	0.5933349844
7	7	92	3	12	High	3	Relatively Simple	2	Right	1.0	0.6551852388	0.6550208459333332
7	7	93	3	13	High	3	Complex	5	Right	1.0	0.5553140496666668	0.5552539121333334
7	7	94	3	14	High	3	Simple	1	Right	1.0	0.7216059962	0.7213755279333333
7	7	95	3	15	High	3	Average	3	Wrong	0.0	0.6498098669333333	0.6239693813333332
7	7	96	3	16	High	3	Simple	1	Right	1.0	0.6831533298666667	0.6746050083333334
7	7	97	3	17	High	3	Relatively Complex	4	Right	1.0	0.6017004049333333	0.6001487925333334
7	7	98	3	18	High	3	Average	3	Right	1.0	0.6187412258	0.6182712104
7	7	99	3	19	High	3	Complex	5	Right	1.0	0.5357653474	0.5357188885999999
7	7	100	3	20	High	3	Complex	5	Right	1.0	0.5596767558000001	0.5596137362000001
7	7	101	3	21	High	3	Simple	1	Right	1.0	0.7148060578000001	0.7145831783333333
7	7	102	3	22	High	3	Complex	5	Right	1.0	0.5534906852	0.5534319706
7	7	103	3	23	High	3	Complex	5	Right	1.0	0.5655410773999999	0.5654662249333333
7	7	104	3	24	High	3	Simple	1	Right	1.0	0.7054713566666666	0.7052575589333334
7	7	105	3	25	High	3	Average	3	Wrong	0.0	0.6122010343333334	0.5936894147333334
7	7	106	3	26	High	3	Relatively Simple	2	Wrong	0.0	0.6490017791999999	0.6125847826666666
7	7	107	3	27	High	3	Average	3	Wrong	0.0	0.622554816	0.5897947586666666
7	7	108	3	28	High	3	Average	3	Right	1.0	0.6324414610666667	0.6204069673333333
7	7	109	3	29	High	3	Relatively Complex	4	Right	1.0	0.5931383106666667	0.5905061984000001
7	7	110	3	30	High	3	Relatively Simple	2	Right	1.0	0.6793042834	0.6777430825333334
7	7	111	3	31	High	3	Average	3	Right	1.0	0.6108362628	0.6103466098666667
7	7	112	3	32	High	3	Simple	1	Wrong	0.0	0.6995826883999999	0.6725210660666666
7	7	113	3	33	High	3	Relatively Complex	4	Right	1.0	0.5878362274	0.5842022456666666
7	7	114	3	34	High	3	Simple	1	Right	1.0	0.7096716709333334	0.7077042533333334
7	7	115	3	35	High	3	Complex	5	Right	1.0	0.5394301905333333	0.5392991690666666
7	7	116	3	36	High	3	Relatively Complex	4	Right	1.0	0.6029648510666666	0.6027893646
7	7	117	3	37	High	3	Simple	1	Right	1.0	0.6911791728000001	0.6909529774
7	7	118	3	38	High	3	Average	3	Right	1.0	0.6279416986	0.6277923367333335
7	7	119	3	39	High	3	Complex	5	Right	1.0	0.5640529294	0.5639874701333334
7	7	120	3	40	High	3	Average	3	Wrong	0.0	0.6279478531999999	0.6132444966
8	8	1	1	1	Low	1	Relatively Simple	2			0.8720114807066667	0.7326936386666666
8	8	2	1	2	Low	1	Relatively Simple	2	Wrong	0.0	0.90548659128	0.7444800593333333
8	8	3	1	3	Low	1	Relatively Simple	2	Right	1.0	0.872559699012	0.7967919148
8	8	4	1	4	Low	1	Simple	1	Right	1.0	0.8802173611826397	0.8401834061250734
8	8	5	1	5	Low	1	Complex	5	Right	1.0	0.5505881988238516	0.543531833972584
8	8	6	1	6	Low	1	Relatively Simple	2	Wrong	0.0	0.859127220632452	0.77721534302
8	8	7	1	7	Low	1	Relatively Complex	4	Wrong	0.0	0.6775945847068243	0.597711174
8	8	8	1	8	Low	1	Relatively Simple	2	Wrong	0.0	0.8718858713766	0.7272952489333333
8	8	9	1	9	Low	1	Relatively Complex	4	Wrong	0.0	0.6834901291039156	0.5978114476666666
8	8	10	1	10	Low	1	Relatively Complex	4	Wrong	0.0	0.5843273025295151	0.5447119393333333
8	8	11	1	11	Low	1	Relatively Complex	4	Wrong	0.0	0.69571944624	0.6001660790666666
8	8	12	1	12	Low	1	Relatively Simple	2	Wrong	0.0	0.8816147061733334	0.7291358226666667
8	8	13	1	13	Low	1	Complex	5	Wrong	0.0	0.5355927009646674	0.5172320006666666
8	8	14	1	14	Low	1	Simple	1	Right	1.0	0.9339406590666667	0.9137023517333334
8	8	15	1	15	Low	1	Average	3	Right	1.0	0.78064176547	0.761619942142
8	8	16	1	16	Low	1	Simple	1	Right	1.0	0.9356656054533333	0.9279054956333334
8	8	17	1	17	Low	1	Relatively Complex	4	Wrong	0.0	0.6643156495660838	0.5913477314
8	8	18	1	18	Low	1	Average	3	Wrong	0.0	0.80573207687414	0.6715453253333333
8	8	19	1	19	Low	1	Complex	5	Wrong	0.0	0.557042052700668	0.5286753413333334
8	8	20	1	20	Low	1	Complex	5	Wrong	0.0	0.5610878291560865	0.5298567945333333
8	8	21	1	21	Low	1	Simple	1	Right	1.0	0.9207650428176066	0.8972494171771334
8	8	22	1	22	Low	1	Complex	5	Right	1.0	0.5586053232303386	0.5557353612733045
8	8	23	1	23	Low	1	Complex	5	Right	1.0	0.5403806619648964	0.5393002026194955
8	8	24	1	24	Low	1	Simple	1	Wrong	0.0	0.9331208657333333	0.8847262596666666
8	8	25	1	25	Low	1	Average	3	Wrong	0.0	0.8087507217489827	0.6775252836
8	8	26	1	26	Low	1	Relatively Simple	2	Right	1.0	0.8749122627966667	0.8214641973333333
8	8	27	1	27	Low	1	Average	3	Right	1.0	0.7986389539570619	0.7679648365993333
8	8	28	1	28	Low	1	Average	3	Wrong	0.0	0.785628786766602	0.6868058175999999
8	8	29	1	29	Low	1	Relatively Complex	4	Right	1.0	0.7137525063178339	0.6773409737444934
8	8	30	1	30	Low	1	Relatively Simple	2	Wrong	0.0	0.89036177218	0.7732992904000001
8	8	31	1	31	Low	1	Average	3	Wrong	0.0	0.7661041614561501	0.6501039843333333
8	8	32	1	32	Low	1	Simple	1	Wrong	0.0	0.9352716197512666	0.7871538993333335
8	8	33	1	33	Low	1	Relatively Complex	4	Wrong	0.0	0.6953467061760046	0.599118652
8	8	34	1	34	Low	1	Simple	1	Right	1.0	0.9323356153	0.8963791046666666
8	8	35	1	35	Low	1	Complex	5	Wrong	0.0	0.5286982780176698	0.51888615
8	8	36	1	36	Low	1	Relatively Complex	4	Wrong	0.0	0.6634432605169808	0.5880183926666667
8	8	37	1	37	Low	1	Simple	1	Right	1.0	0.9255410592160004	0.8936084836533448
8	8	38	1	38	Low	1	Average	3	Wrong	0.0	0.8027292811193067	0.6742810727999999
8	8	39	1	39	Low	1	Complex	5	Wrong	0.0	0.5589429694087205	0.53015053
8	8	40	1	40	Low	1	Average	3	Wrong	0.0	0.8174494760761669	0.677303556
8	8	41	2	1	Med	2	Relatively Simple	2	Wrong	0.0	0.8917777828066665	0.8711521328999999
8	8	42	2	2	Med	2	Relatively Simple	2	Right	1.0	0.8690123607999999	0.8586112616609333
8	8	43	2	3	Med	2	Relatively Simple	2	Wrong	0.0	0.8993196363488	0.7739006678666667
8	8	44	2	4	Med	2	Simple	1	Right	1.0	0.9359758437207333	0.8761190070781334
8	8	45	2	5	Med	2	Complex	5	Right	1.0	0.530888402373998	0.5262338692817307
8	8	46	2	6	Med	2	Relatively Simple	2	Wrong	0.0	0.878377630292	0.7774505614666666
8	8	47	2	7	Med	2	Relatively Complex	4	Wrong	0.0	0.6744626373749892	0.5929787200000001
8	8	48	2	8	Med	2	Relatively Simple	2	Wrong	0.0	0.8698855555101667	0.7199089913333333
8	8	49	2	9	Med	2	Relatively Complex	4	Right	1.0	0.6795464959996789	0.6368254346387999
8	8	50	2	10	Med	2	Relatively Complex	4	Right	1.0	0.6765117519259999	0.6614192912093334
8	8	51	2	11	Med	2	Relatively Complex	4	Right	1.0	0.6875048046391029	0.6803453011970436
8	8	52	2	12	Med	2	Relatively Simple	2	Right	1.0	0.8595432895970484	0.855380636762518
8	8	53	2	13	Med	2	Complex	5	Wrong	0.0	0.5831192857379267	0.5492649833333333
8	8	54	2	14	Med	2	Simple	1	Wrong	0.0	0.92490737984	0.7974341859999999
8	8	55	2	15	Med	2	Average	3	Wrong	0.0	0.8037318497067506	0.668475152
8	8	56	2	16	Med	2	Simple	1	Wrong	0.0	0.9253804115333333	0.7829752593333333
8	8	57	2	17	Med	2	Relatively Complex	4	Right	1.0	0.6981185867743868	0.6360862768466667
8	8	58	2	18	Med	2	Average	3	Right	1.0	0.8033442046234001	0.7729388739333333
8	8	59	2	19	Med	2	Complex	5	Right	1.0	0.5588896252533452	0.5530453385260535
8	8	60	2	20	Med	2	Complex	5	Wrong	0.0	0.5621627702994944	0.544470361798
8	8	61	2	21	Med	2	Simple	1	Right	1.0	0.9292924267466667	0.917333756
8	8	62	2	22	Med	2	Complex	5	Right	1.0	0.5738959871045104	0.5721565645189967
8	8	63	2	23	Med	2	Complex	5	Right	1.0	0.5466635135416533	0.5458956649864649
8	8	64	2	24	Med	2	Simple	1	Right	1.0	0.9250651536240099	0.9234373609092534
8	8	65	2	25	Med	2	Average	3	Wrong	0.0	0.8011728571733334	0.6871040656666666
8	8	66	2	26	Med	2	Relatively Simple	2	Wrong	0.0	0.8867442365373334	0.7408799300000001
8	8	67	2	27	Med	2	Average	3	Wrong	0.0	0.7766158659049734	0.6530175681333333
8	8	68	2	28	Med	2	Average	3	Right	1.0	0.7991199542146666	0.747262219484
8	8	69	2	29	Med	2	Relatively Complex	4	Right	1.0	0.6763141029309834	0.660991617980201
8	8	70	2	30	Med	2	Relatively Simple	2	Right	1.0	0.8993361803266667	0.8879265899133334
8	8	71	2	31	Med	2	Average	3	Right	1.0	0.8054720273847007	0.7977785958884667
8	8	72	2	32	Med	2	Simple	1	Wrong	0.0	0.9253367863799999	0.831832368
8	8	73	2	33	Med	2	Relatively Complex	4	Wrong	0.0	0.6950949776565533	0.6024700653333334
8	8	74	2	34	Med	2	Simple	1	Right	1.0	0.9343165098133334	0.8995386491333334
8	8	75	2	35	Med	2	Complex	5	Right	1.0	0.5466155294179141	0.5424762595813707
8	8	76	2	36	Med	2	Relatively Complex	4	Right	1.0	0.6771411137103055	0.6697649284391328
8	8	77	2	37	Med	2	Simple	1	Right	1.0	0.9336969535760001	0.9305565232152603
8	8	78	2	38	Med	2	Average	3	Wrong	0.0	0.812346531664796	0.6875700178
8	8	79	2	39	Med	2	Complex	5	Wrong	0.0	0.5577727843676981	0.5301098234666667
8	8	80	2	40	Med	2	Average	3	Wrong	0.0	0.8021402223967095	0.6678155428
8	8	81	3	1	High	3	Relatively Simple	2	Right	1.0	0.86872149869624	0.86122658062
8	8	82	3	2	High	3	Relatively Simple	2	Right	1.0	0.8943693849846667	0.8907863003333333
8	8	83	3	3	High	3	Relatively Simple	2	Right	1.0	0.8814430096226641	0.8787251401093332
8	8	84	3	4	High	3	Simple	1	Right	1.0	0.919535730192	0.9181539175999999
8	8	85	3	5	High	3	Complex	5	Wrong	0.0	0.5526760702223036	0.53033986724
8	8	86	3	6	High	3	Relatively Simple	2	Right	1.0	0.8830637154866666	0.8631949740066666
8	8	87	3	7	High	3	Relatively Complex	4	Right	1.0	0.6785106072921016	0.6680712558640148
8	8	88	3	8	High	3	Relatively Simple	2	Right	1.0	0.9014948285800001	0.89478308234
8	8	89	3	9	High	3	Relatively Complex	4	Right	1.0	0.6998259958678368	0.6963272848721879
8	8	90	3	10	High	3	Relatively Complex	4	Right	1.0	0.707782571250632	0.7045563667672999
8	8	91	3	11	High	3	Relatively Complex	4	Right	1.0	0.6895044094988453	0.6878148506329751
8	8	92	3	12	High	3	Relatively Simple	2	Right	1.0	0.886920315542	0.8858201532400001
8	8	93	3	13	High	3	Complex	5	Right	1.0	0.5499989611186759	0.5500147189665676
8	8	94	3	14	High	3	Simple	1	Right	1.0	0.9371120416000002	0.9364368119333334
8	8	95	3	15	High	3	Average	3	Right	1.0	0.8113300982799143	0.8094499507176094
8	8	96	3	16	High	3	Simple	1	Right	1.0	0.9140787216703851	0.913094658278872
8	8	97	3	17	High	3	Relatively Complex	4	Wrong	0.0	0.6868579808944713	0.6111152226212666
8	8	98	3	18	High	3	Average	3	Right	1.0	0.8026872100063348	0.770742447905024
8	8	99	3	19	High	3	Complex	5	Right	1.0	0.5243359452892383	0.5228576496870616
8	8	100	3	20	High	3	Complex	5	Right	1.0	0.5614575991833209	0.5605739749220517
8	8	101	3	21	High	3	Simple	1	Right	1.0	0.933688644718	0.9319309326993332
8	8	102	3	22	High	3	Complex	5	Right	1.0	0.5301573925236044	0.5286382160604884
8	8	103	3	23	High	3	Complex	5	Right	1.0	0.5648094626694928	0.564223156895176
8	8	104	3	24	High	3	Simple	1	Right	1.0	0.933314060198	0.9323897728626666
8	8	105	3	25	High	3	Average	3	Right	1.0	0.8261915767978	0.8236816729502667
8	8	106	3	26	High	3	Relatively Simple	2	Right	1.0	0.8902350032066672	0.8886434871333679
8	8	107	3	27	High	3	Average	3	Wrong	0.0	0.7919839762150667	0.6934068238533332
8	8	108	3	28	High	3	Average	3	Wrong	0.0	0.807625852032264	0.6795698006666666
8	8	109	3	29	High	3	Relatively Complex	4	Wrong	0.0	0.690697033912855	0.598526233
8	8	110	3	30	High	3	Relatively Simple	2	Right	1.0	0.8789382815532001	0.8436427261868666
8	8	111	3	31	High	3	Average	3	Right	1.0	0.7872456375876	0.764542366933604
8	8	112	3	32	High	3	Simple	1	Right	1.0	0.9325713465972667	0.9233779725361333
8	8	113	3	33	High	3	Relatively Complex	4	Right	1.0	0.6697298387501802	0.6616148376967556
8	8	114	3	34	High	3	Simple	1	Wrong	0.0	0.9410150387933333	0.8723981382
8	8	115	3	35	High	3	Complex	5	Right	1.0	0.5413726136635931	0.5341547662352667
8	8	116	3	36	High	3	Relatively Complex	4	Right	1.0	0.7103993947215467	0.70321787820262
8	8	117	3	37	High	3	Simple	1	Right	1.0	0.9345155068000001	0.9305642323333334
8	8	118	3	38	High	3	Average	3	Right	1.0	0.8039567238408996	0.799507811860674
8	8	119	3	39	High	3	Complex	5	Right	1.0	0.5393496438445249	0.5401969828329954
8	8	120	3	40	High	3	Average	3	Right	1.0	0.8005874768086666	0.7988826935046666
9	9	1	1	1	Low	1	Relatively Simple	2			0.553589746	0.5433685206666666
9	9	2	1	2	Low	1	Relatively Simple	2	Wrong	0.0	0.5587447846666667	0.5437398653333333
9	9	3	1	3	Low	1	Relatively Simple	2	Right	1.0	0.5606878200000001	0.5574751366666667
9	9	4	1	4	Low	1	Simple	1	Wrong	0.0	0.49723163200000003	0.49752086533333334
9	9	5	1	5	Low	1	Complex	5	Wrong	0.0	0.5048979219999999	0.5036486693333334
9	9	6	1	6	Low	1	Relatively Simple	2	Right	1.0	0.494460944	0.49442859666666666
9	9	7	1	7	Low	1	Relatively Complex	4	Right	1.0	0.5315706206666667	0.5313747913333332
9	9	8	1	8	Low	1	Relatively Simple	2	Wrong	0.0	0.5716671873333333	0.5617856093333333
9	9	9	1	9	Low	1	Relatively Complex	4	Wrong	0.0	0.5316430266666666	0.5241837193333333
9	9	10	1	10	Low	1	Relatively Complex	4	Wrong	0.0	0.5259268753333334	0.5193297533333333
9	9	11	1	11	Low	1	Relatively Complex	4	Wrong	0.0	0.5252028540000001	0.518713498
9	9	12	1	12	Low	1	Relatively Simple	2	Right	1.0	0.5585079933333333	0.5555299173333332
9	9	13	1	13	Low	1	Complex	5	Right	1.0	0.5172857233333333	0.5173054546666667
9	9	14	1	14	Low	1	Simple	1	Right	1.0	0.49460316466666665	0.49461378799999994
9	9	15	1	15	Low	1	Average	3	Wrong	0.0	0.4809070446666666	0.48368485933333333
9	9	16	1	16	Low	1	Simple	1	Right	1.0	0.4967065906666666	0.496715684
9	9	17	1	17	Low	1	Relatively Complex	4	Right	1.0	0.460136662	0.4602385666666667
9	9	18	1	18	Low	1	Average	3	Wrong	0.0	0.540016774	0.5362206806666667
9	9	19	1	19	Low	1	Complex	5	Wrong	0.0	0.5012040053333333	0.5009163586666666
9	9	20	1	20	Low	1	Complex	5	Wrong	0.0	0.5093347	0.5070139386666667
9	9	21	1	21	Low	1	Simple	1	Right	1.0	0.4976367326666667	0.49826924
9	9	22	1	22	Low	1	Complex	5	Wrong	0.0	0.5149945913333333	0.5125558286666667
9	9	23	1	23	Low	1	Complex	5	Right	1.0	0.5251216906666667	0.524206152
9	9	24	1	24	Low	1	Simple	1	Wrong	0.0	0.510528494	0.50842401
9	9	25	1	25	Low	1	Average	3	Wrong	0.0	0.5437115539999999	0.532917292
9	9	26	1	26	Low	1	Relatively Simple	2	Wrong	0.0	0.49949415733333336	0.49967881333333336
9	9	27	1	27	Low	1	Average	3	Wrong	0.0	0.5435323466666667	0.5323884346666667
9	9	28	1	28	Low	1	Average	3	Wrong	0.0	0.5384371946666667	0.52860925
9	9	29	1	29	Low	1	Relatively Complex	4	Right	1.0	0.5295477986666667	0.52765144
9	9	30	1	30	Low	1	Relatively Simple	2	Wrong	0.0	0.5585293086666666	0.5466731539999999
9	9	31	1	31	Low	1	Average	3	Right	1.0	0.5424740933333333	0.54063944
9	9	32	1	32	Low	1	Simple	1	Wrong	0.0	0.56267632	0.5507107706666666
9	9	33	1	33	Low	1	Relatively Complex	4	Right	1.0	0.525097108	0.5243221993333335
9	9	34	1	34	Low	1	Simple	1	Right	1.0	0.49418477066666666	0.4939723886666667
9	9	35	1	35	Low	1	Complex	5	Right	1.0	0.511586372	0.5115067906666666
9	9	36	1	36	Low	1	Relatively Complex	4	Wrong	0.0	0.5303198013333333	0.5268354233333333
9	9	37	1	37	Low	1	Simple	1	Wrong	0.0	0.5121143426666667	0.5096917993333333
9	9	38	1	38	Low	1	Average	3	Wrong	0.0	0.542219362	0.5316723213333333
9	9	39	1	39	Low	1	Complex	5	Right	1.0	0.4456504746666667	0.4479752553333333
9	9	40	1	40	Low	1	Average	3	Right	1.0	0.5418616206666668	0.5415002813333333
9	9	41	2	1	Med	2	Relatively Simple	2	Right	1.0	0.5532109193333333	0.5531008420000001
9	9	42	2	2	Med	2	Relatively Simple	2	Wrong	0.0	0.558974124	0.5512230926666667
9	9	43	2	3	Med	2	Relatively Simple	2	Right	1.0	0.5707477006666667	0.5699904033333333
9	9	44	2	4	Med	2	Simple	1	Right	1.0	0.585604976	0.5854936359999999
9	9	45	2	5	Med	2	Complex	5	Wrong	0.0	0.5125962940000001	0.5113168193333334
9	9	46	2	6	Med	2	Relatively Simple	2	Wrong	0.0	0.55120674	0.5401038606666666
9	9	47	2	7	Med	2	Relatively Complex	4	Wrong	0.0	0.5357259753333333	0.5269377906666667
9	9	48	2	8	Med	2	Relatively Simple	2	Right	1.0	0.5680872226666667	0.5652711579999999
9	9	49	2	9	Med	2	Relatively Complex	4	Right	1.0	0.5341552306666667	0.53385922
9	9	50	2	10	Med	2	Relatively Complex	4	Right	1.0	0.52572785	0.5257057933333332
9	9	51	2	11	Med	2	Relatively Complex	4	Right	1.0	0.530223228	0.5301909213333333
9	9	52	2	12	Med	2	Relatively Simple	2	Wrong	0.0	0.5597955233333333	0.5525085326666667
9	9	53	2	13	Med	2	Complex	5	Wrong	0.0	0.5178080893333333	0.5134613533333333
9	9	54	2	14	Med	2	Simple	1	Wrong	0.0	0.5617039713333334	0.546474512
9	9	55	2	15	Med	2	Average	3	Wrong	0.0	0.5434317606666667	0.5325386386666667
9	9	56	2	16	Med	2	Simple	1	Right	1.0	0.566618494	0.5630067073333334
9	9	57	2	17	Med	2	Relatively Complex	4	Right	1.0	0.5249125773333333	0.5246702293333333
9	9	58	2	18	Med	2	Average	3	Right	1.0	0.5478072526666667	0.5476459286666667
9	9	59	2	19	Med	2	Complex	5	Wrong	0.0	0.5265220273333333	0.5227539766666666
9	9	60	2	20	Med	2	Complex	5	Right	1.0	0.5226902606666667	0.522365234
9	9	61	2	21	Med	2	Simple	1	Right	1.0	0.5656176393333333	0.5655137706666667
9	9	62	2	22	Med	2	Complex	5	Right	1.0	0.4332495253333333	0.4333295173333333
9	9	63	2	23	Med	2	Complex	5	Wrong	0.0	0.5125362446666667	0.5111721619999999
9	9	64	2	24	Med	2	Simple	1	Wrong	0.0	0.5710855326666667	0.5569696393333333
9	9	65	2	25	Med	2	Average	3	Wrong	0.0	0.5344832680000001	0.525899324
9	9	66	2	26	Med	2	Relatively Simple	2	Right	1.0	0.55589208	0.5533274566666667
9	9	67	2	27	Med	2	Average	3	Right	1.0	0.5423230506666666	0.5420297873333334
9	9	68	2	28	Med	2	Average	3	Right	1.0	0.5519033593333332	0.5518414593333333
9	9	69	2	29	Med	2	Relatively Complex	4	Right	1.0	0.5342167033333333	0.53418545
9	9	70	2	30	Med	2	Relatively Simple	2	Wrong	0.0	0.48889190266666666	0.4906888526666666
9	9	71	2	31	Med	2	Average	3	Right	1.0	0.53811689	0.5380034893333334
9	9	72	2	32	Med	2	Simple	1	Right	1.0	0.5753594773333334	0.5752768926666666
9	9	73	2	33	Med	2	Relatively Complex	4	Right	1.0	0.5317154266666667	0.5316859313333334
9	9	74	2	34	Med	2	Simple	1	Right	1.0	0.5789305186666667	0.5788595726666667
9	9	75	2	35	Med	2	Complex	5	Wrong	0.0	0.5171963786666667	0.5158038026666666
9	9	76	2	36	Med	2	Relatively Complex	4	Wrong	0.0	0.5330771853333333	0.5258497560000001
9	9	77	2	37	Med	2	Simple	1	Wrong	0.0	0.57142648	0.5537046253333333
9	9	78	2	38	Med	2	Average	3	Right	1.0	0.541106986	0.539176322
9	9	79	2	39	Med	2	Complex	5	Right	1.0	0.5052601833333333	0.505324448
9	9	80	2	40	Med	2	Average	3	Right	1.0	0.549524252	0.5494357286666666
9	9	81	3	1	High	3	Relatively Simple	2	Wrong	0.0	0.5564358333333334	0.5563646520000001
9	9	82	3	2	High	3	Relatively Simple	2	Right	1.0	0.5446729833333334	0.5446330766666666
9	9	83	3	3	High	3	Relatively Simple	2	Right	1.0	0.5620402946666667	0.561984782
9	9	84	3	4	High	3	Simple	1	Right	1.0	0.5808986393333333	0.5808266473333333
9	9	85	3	5	High	3	Complex	5	Wrong	0.0	0.5171285446666668	0.515009764
9	9	86	3	6	High	3	Relatively Simple	2	Right	1.0	0.552290066	0.5517151806666667
9	9	87	3	7	High	3	Relatively Complex	4	Right	1.0	0.534590322	0.5345692980000001
9	9	88	3	8	High	3	Relatively Simple	2	Right	1.0	0.5444623606666666	0.5444227426666667
9	9	89	3	9	High	3	Relatively Complex	4	Right	1.0	0.521149598	0.5211306766666667
9	9	90	3	10	High	3	Relatively Complex	4	Right	1.0	0.5278115453333333	0.52778678
9	9	91	3	11	High	3	Relatively Complex	4	Right	1.0	0.5296487893333333	0.529622614
9	9	92	3	12	High	3	Relatively Simple	2	Right	1.0	0.5625969773333334	0.5625410893333334
9	9	93	3	13	High	3	Complex	5	Right	1.0	0.5078235893333333	0.5078162740000001
9	9	94	3	14	High	3	Simple	1	Right	1.0	0.57346861	0.5734027886666667
9	9	95	3	15	High	3	Average	3	Right	1.0	0.5417600106666667	0.5417227686666667
9	9	96	3	16	High	3	Simple	1	Right	1.0	0.5833478	0.583273482
9	9	97	3	17	High	3	Relatively Complex	4	Wrong	0.0	0.5296880186666667	0.5257974819999999
9	9	98	3	18	High	3	Average	3	Right	1.0	0.5392176806666666	0.5388322806666667
9	9	99	3	19	High	3	Complex	5	Right	1.0	0.522908368	0.5228838906666667
9	9	100	3	20	High	3	Complex	5	Right	1.0	0.5193051993333333	0.5192879793333334
9	9	101	3	21	High	3	Simple	1	Right	1.0	0.5710183593333333	0.5709552226666667
9	9	102	3	22	High	3	Complex	5	Right	1.0	0.5168265713333333	0.5168114520000001
9	9	103	3	23	High	3	Complex	5	Right	1.0	0.51836225	0.5183459093333332
9	9	104	3	24	High	3	Simple	1	Right	1.0	0.567608156	0.5675479873333333
9	9	105	3	25	High	3	Average	3	Right	1.0	0.5338106793333334	0.533780612
9	9	106	3	26	High	3	Relatively Simple	2	Right	1.0	0.5706910133333333	0.5706280146666667
9	9	107	3	27	High	3	Average	3	Wrong	0.0	0.5432364726666666	0.5381639513333334
9	9	108	3	28	High	3	Average	3	Wrong	0.0	0.550918008	0.5395328386666667
9	9	109	3	29	High	3	Relatively Complex	4	Wrong	0.0	0.5315495746666667	0.5239208946666666
9	9	110	3	30	High	3	Relatively Simple	2	Right	1.0	0.5599720566666666	0.5574502953333332
9	9	111	3	31	High	3	Average	3	Right	1.0	0.535464728	0.5351216393333332
9	9	112	3	32	High	3	Simple	1	Right	1.0	0.568755598	0.5686192586666666
9	9	113	3	33	High	3	Relatively Complex	4	Right	1.0	0.5227464279999999	0.5227107733333333
9	9	114	3	34	High	3	Simple	1	Wrong	0.0	0.5823301793333333	0.5732646966666667
9	9	115	3	35	High	3	Complex	5	Right	1.0	0.5112382173333333	0.5112731353333334
9	9	116	3	36	High	3	Relatively Complex	4	Right	1.0	0.5175976206666667	0.5175746766666666
9	9	117	3	37	High	3	Simple	1	Right	1.0	0.5819511186666667	0.5818778093333333
9	9	118	3	38	High	3	Average	3	Right	1.0	0.5524929386666666	0.5524457313333334
9	9	119	3	39	High	3	Complex	5	Right	1.0	0.5164542333333334	0.5164395366666668
9	9	120	3	40	High	3	Average	3	Right	1.0	0.5403905933333333	0.540354454
10	10	1	1	1	Low	1	Relatively Simple	2			1.0	0.7614706553333334
10	10	2	1	2	Low	1	Relatively Simple	2	Right	1.0	1.0	0.8738989186666667
10	10	3	1	3	Low	1	Relatively Simple	2	Right	1.0	0.9999999913333334	0.9076539953333334
10	10	4	1	4	Low	1	Simple	1	Right	1.0	1.0	0.97060639
10	10	5	1	5	Low	1	Complex	5	Wrong	0.0	0.6871389521102276	0.52279312
10	10	6	1	6	Low	1	Relatively Simple	2	Wrong	0.0	0.999999984	0.7680704186666668
10	10	7	1	7	Low	1	Relatively Complex	4	Wrong	0.0	0.9918822	0.6084173626666667
10	10	8	1	8	Low	1	Relatively Simple	2	Wrong	0.0	1.0	0.764786038
10	10	9	1	9	Low	1	Relatively Complex	4	Right	1.0	0.9905703552666667	0.668576546
10	10	10	1	10	Low	1	Relatively Complex	4	Wrong	0.0	0.9904020013333333	0.6132940073333334
10	10	11	1	11	Low	1	Relatively Complex	4	Wrong	0.0	0.9901495593333333	0.6040376726666666
10	10	12	1	12	Low	1	Relatively Simple	2	Right	1.0	1.0	0.9928141466666668
10	10	13	1	13	Low	1	Complex	5	Right	1.0	0.558226065525636	0.5408020779593333
10	10	14	1	14	Low	1	Simple	1	Wrong	0.0	1.0	0.9585838333333333
10	10	15	1	15	Low	1	Average	3	Wrong	0.0	0.9999994006666667	0.698463428
10	10	16	1	16	Low	1	Simple	1	Right	1.0	1.0	0.9667056693333334
10	10	17	1	17	Low	1	Relatively Complex	4	Right	1.0	0.9878586540000001	0.7464219073333332
10	10	18	1	18	Low	1	Average	3	Wrong	0.0	0.9999944833333333	0.7160586320000001
10	10	19	1	19	Low	1	Complex	5	Right	1.0	0.6963096838118626	0.5621531566466667
10	10	20	1	20	Low	1	Complex	5	Right	1.0	0.733477965593354	0.7014416624458
10	10	21	1	21	Low	1	Simple	1	Wrong	0.0	1.0	0.9807759406666667
10	10	22	1	22	Low	1	Complex	5	Right	1.0	0.6993344466439808	0.5984397174666666
10	10	23	1	23	Low	1	Complex	5	Wrong	0.0	0.6076587097875293	0.5321406602
10	10	24	1	24	Low	1	Simple	1	Wrong	0.0	1.0	0.8779070753333333
10	10	25	1	25	Low	1	Average	3	Wrong	0.0	0.999949968	0.6918964213333333
10	10	26	1	26	Low	1	Relatively Simple	2	Right	1.0	1.0	0.9395316526666666
10	10	27	1	27	Low	1	Average	3	Wrong	0.0	0.9999961173333333	0.6894577600000001
10	10	28	1	28	Low	1	Average	3	Wrong	0.0	0.9999486913333332	0.6845776179999999
10	10	29	1	29	Low	1	Relatively Complex	4	Wrong	0.0	0.9846441576	0.5994898846666666
10	10	30	1	30	Low	1	Relatively Simple	2	Wrong	0.0	1.0	0.7659576793333333
10	10	31	1	31	Low	1	Average	3	Wrong	0.0	0.9999318766666668	0.6925244426666667
10	10	32	1	32	Low	1	Simple	1	Wrong	0.0	1.0	0.8287292466666667
10	10	33	1	33	Low	1	Relatively Complex	4	Wrong	0.0	0.9863243263866667	0.6053683393333334
10	10	34	1	34	Low	1	Simple	1	Wrong	0.0	1.0	0.8339586533333332
10	10	35	1	35	Low	1	Complex	5	Right	1.0	0.6065716234347523	0.5159902806666666
10	10	36	1	36	Low	1	Relatively Complex	4	Right	1.0	0.992014492	0.9849947960000001
10	10	37	1	37	Low	1	Simple	1	Wrong	0.0	1.0	0.859861414
10	10	38	1	38	Low	1	Average	3	Right	1.0	0.9999942379999999	0.7709210833333332
10	10	39	1	39	Low	1	Complex	5	Right	1.0	0.6243344963521503	0.5352538508
10	10	40	1	40	Low	1	Average	3	Right	1.0	0.9998811346666666	0.9983619593333334
10	10	41	2	1	Med	2	Relatively Simple	2	Wrong	0.0	0.9671330855720633	0.9378079984882
10	10	42	2	2	Med	2	Relatively Simple	2	Right	1.0	1.0	0.968836694
10	10	43	2	3	Med	2	Relatively Simple	2	Right	1.0	1.0	0.974538302
10	10	44	2	4	Med	2	Simple	1	Right	1.0	1.0	0.9958256039999999
10	10	45	2	5	Med	2	Complex	5	Wrong	0.0	0.599698476629572	0.51173446
10	10	46	2	6	Med	2	Relatively Simple	2	Right	1.0	1.0	0.9998925666666666
10	10	47	2	7	Med	2	Relatively Complex	4	Right	1.0	0.9900999846666666	0.9258431153333334
10	10	48	2	8	Med	2	Relatively Simple	2	Wrong	0.0	1.0	0.8048586759999999
10	10	49	2	9	Med	2	Relatively Complex	4	Wrong	0.0	0.9897188140666667	0.6070910413333334
10	10	50	2	10	Med	2	Relatively Complex	4	Wrong	0.0	0.9915217439999999	0.6095400446666667
10	10	51	2	11	Med	2	Relatively Complex	4	Right	1.0	0.9942400186666668	0.939285222
10	10	52	2	12	Med	2	Relatively Simple	2	Right	1.0	1.0	0.996952304
10	10	53	2	13	Med	2	Complex	5	Right	1.0	0.7137752589569333	0.6512065318333333
10	10	54	2	14	Med	2	Simple	1	Right	1.0	1.0	0.9999684446666666
10	10	55	2	15	Med	2	Average	3	Wrong	0.0	0.999951852	0.6951045373333334
10	10	56	2	16	Med	2	Simple	1	Wrong	0.0	1.0	0.8280542553333333
10	10	57	2	17	Med	2	Relatively Complex	4	Wrong	0.0	0.9938365086666666	0.613896062
10	10	58	2	18	Med	2	Average	3	Wrong	0.0	0.9999975173333334	0.6921193833333333
10	10	59	2	19	Med	2	Complex	5	Right	1.0	0.69654335169566	0.5687302368266667
10	10	60	2	20	Med	2	Complex	5	Right	1.0	0.7147294060473737	0.6832204837860001
10	10	61	2	21	Med	2	Simple	1	Right	1.0	1.0	0.9999984986666667
10	10	62	2	22	Med	2	Complex	5	Wrong	0.0	0.6511408416225134	0.5177017913333334
10	10	63	2	23	Med	2	Complex	5	Right	1.0	0.702918529926	0.6835659047466667
10	10	64	2	24	Med	2	Simple	1	Right	1.0	1.0	0.9999999893333333
10	10	65	2	25	Med	2	Average	3	Right	1.0	0.9999820166666668	0.9150490386666666
10	10	66	2	26	Med	2	Relatively Simple	2	Right	1.0	0.9999999993333333	0.9781683680000001
10	10	67	2	27	Med	2	Average	3	Wrong	0.0	0.9999796733333334	0.6909561933333332
10	10	68	2	28	Med	2	Average	3	Wrong	0.0	0.9999990200000001	0.6993547346666666
10	10	69	2	29	Med	2	Relatively Complex	4	Wrong	0.0	0.9937909045333333	0.6172145153333334
10	10	70	2	30	Med	2	Relatively Simple	2	Right	1.0	1.0	0.9895195366666667
10	10	71	2	31	Med	2	Average	3	Right	1.0	0.9999970406666666	0.948564202
10	10	72	2	32	Med	2	Simple	1	Right	1.0	1.0	0.9955219120000001
10	10	73	2	33	Med	2	Relatively Complex	4	Right	1.0	0.9879673713333333	0.852352804
10	10	74	2	34	Med	2	Simple	1	Wrong	0.0	1.0	0.8759314266666666
10	10	75	2	35	Med	2	Complex	5	Wrong	0.0	0.6975595896996799	0.5235269953333334
10	10	76	2	36	Med	2	Relatively Complex	4	Right	1.0	0.9939263306666666	0.986817986
10	10	77	2	37	Med	2	Simple	1	Right	1.0	1.0	0.99998413
10	10	78	2	38	Med	2	Average	3	Right	1.0	0.9999910006666667	0.916766784
10	10	79	2	39	Med	2	Complex	5	Right	1.0	0.7651420099138667	0.6995139081266668
10	10	80	2	40	Med	2	Average	3	Wrong	0.0	0.9999904893333333	0.894401004
10	10	81	3	1	High	3	Relatively Simple	2	Wrong	0.0	1.0	0.9721761573333333
10	10	82	3	2	High	3	Relatively Simple	2	Right	1.0	0.9999999973333334	0.974800332
10	10	83	3	3	High	3	Relatively Simple	2	Right	1.0	0.999999998	0.9846937226666667
10	10	84	3	4	High	3	Simple	1	Right	1.0	1.0	0.9989016660000001
10	10	85	3	5	High	3	Complex	5	Wrong	0.0	0.639172235709141	0.5161709766666667
10	10	86	3	6	High	3	Relatively Simple	2	Right	1.0	0.9999999993333333	0.9998588413333334
10	10	87	3	7	High	3	Relatively Complex	4	Right	1.0	0.996821014	0.9405685513333334
10	10	88	3	8	High	3	Relatively Simple	2	Right	1.0	1.0	0.9984692740000001
10	10	89	3	9	High	3	Relatively Complex	4	Right	1.0	0.991125108	0.9251999099999999
10	10	90	3	10	High	3	Relatively Complex	4	Right	1.0	0.9882877908	0.968783502
10	10	91	3	11	High	3	Relatively Complex	4	Right	1.0	0.9902309739333334	0.9723046529333333
10	10	92	3	12	High	3	Relatively Simple	2	Right	1.0	1.0	0.9998166846666666
10	10	93	3	13	High	3	Complex	5	Right	1.0	0.6638521274126218	0.629618080782
10	10	94	3	14	High	3	Simple	1	Right	1.0	1.0	0.9999995053333333
10	10	95	3	15	High	3	Average	3	Right	1.0	0.9999963513333334	0.9171531633333334
10	10	96	3	16	High	3	Simple	1	Right	1.0	1.0	0.9899723733333333
10	10	97	3	17	High	3	Relatively Complex	4	Wrong	0.0	0.9932331033333334	0.6079171013333333
10	10	98	3	18	High	3	Average	3	Right	1.0	0.9999965806666666	0.9790101333333334
10	10	99	3	19	High	3	Complex	5	Right	1.0	0.7133393402975999	0.6627481536466667
10	10	100	3	20	High	3	Complex	5	Right	1.0	0.7036642217585934	0.6797781501400001
10	10	101	3	21	High	3	Simple	1	Right	1.0	1.0	0.9999998566666667
10	10	102	3	22	High	3	Complex	5	Right	1.0	0.6791458757258599	0.62021062472
10	10	103	3	23	High	3	Complex	5	Right	1.0	0.7540646114986665	0.7323085061333333
10	10	104	3	24	High	3	Simple	1	Right	1.0	1.0	1.0
10	10	105	3	25	High	3	Average	3	Right	1.0	0.9999687833333333	0.9171189633333334
10	10	106	3	26	High	3	Relatively Simple	2	Right	1.0	1.0	0.983186114
10	10	107	3	27	High	3	Average	3	Wrong	0.0	0.9999975466666666	0.6950390626666666
10	10	108	3	28	High	3	Average	3	Wrong	0.0	0.9999476906666667	0.6893988706666666
10	10	109	3	29	High	3	Relatively Complex	4	Wrong	0.0	0.9919672353333334	0.6045884473333333
10	10	110	3	30	High	3	Relatively Simple	2	Right	1.0	0.9999999986666667	0.9927616966666667
10	10	111	3	31	High	3	Average	3	Right	1.0	0.9999402413333334	0.9533744173333334
10	10	112	3	32	High	3	Simple	1	Right	1.0	1.0	0.9963657226666666
10	10	113	3	33	High	3	Relatively Complex	4	Right	1.0	0.9900558825333333	0.8609930553333333
10	10	114	3	34	High	3	Simple	1	Wrong	0.0	1.0	0.8809301113333333
10	10	115	3	35	High	3	Complex	5	Right	1.0	0.6819027305876001	0.5382886653333333
10	10	116	3	36	High	3	Relatively Complex	4	Right	1.0	0.9886312993333334	0.9738440206666668
10	10	117	3	37	High	3	Simple	1	Right	1.0	1.0	0.9999892340000001
10	10	118	3	38	High	3	Average	3	Right	1.0	0.999955516	0.9227935706666667
10	10	119	3	39	High	3	Complex	5	Right	1.0	0.7178975037993333	0.6639640627333333
10	10	120	3	40	High	3	Average	3	Right	1.0	0.999996856	0.999361376
11	11	1	1	1	Low	1	Relatively Simple	2			0.5867216293333334	0.571278948
11	11	2	1	2	Low	1	Relatively Simple	2	Right	1.0	0.607520572	0.6023924566666666
11	11	3	1	3	Low	1	Relatively Simple	2	Wrong	0.0	0.5999623413333334	0.5792557333333334
11	11	4	1	4	Low	1	Simple	1	Wrong	0.0	0.633264348	0.5983587306666666
11	11	5	1	5	Low	1	Complex	5	Wrong	0.0	0.5278182586666667	0.520326466
11	11	6	1	6	Low	1	Relatively Simple	2	Right	1.0	0.6202153066666667	0.6121222993333334
11	11	7	1	7	Low	1	Relatively Complex	4	Right	1.0	0.40343915866666663	0.40554926133333336
11	11	8	1	8	Low	1	Relatively Simple	2	Right	1.0	0.609991262	0.6093056133333333
11	11	9	1	9	Low	1	Relatively Complex	4	Wrong	0.0	0.5465728099999999	0.5395333806666667
11	11	10	1	10	Low	1	Relatively Complex	4	Wrong	0.0	0.561031862	0.5472377246666666
11	11	11	1	11	Low	1	Relatively Complex	4	Wrong	0.0	0.5516253173333333	0.538208812
11	11	12	1	12	Low	1	Relatively Simple	2	Wrong	0.0	0.617971656	0.5865209073333333
11	11	13	1	13	Low	1	Complex	5	Wrong	0.0	0.5192689899999999	0.5143137226666666
11	11	14	1	14	Low	1	Simple	1	Right	1.0	0.632028116	0.6235432166666667
11	11	15	1	15	Low	1	Average	3	Wrong	0.0	0.5660464573333334	0.5523030226666666
11	11	16	1	16	Low	1	Simple	1	Wrong	0.0	0.6290667866666667	0.5949664506666666
11	11	17	1	17	Low	1	Relatively Complex	4	Wrong	0.0	0.5527534866666667	0.5387611353333334
11	11	18	1	18	Low	1	Average	3	Right	1.0	0.4630822446666667	0.46563017999999995
11	11	19	1	19	Low	1	Complex	5	Right	1.0	0.5314303233333333	0.5306884473333333
11	11	20	1	20	Low	1	Complex	5	Wrong	0.0	0.5209617626666666	0.5180917293333334
11	11	21	1	21	Low	1	Simple	1	Wrong	0.0	0.60888666	0.5834486806666667
11	11	22	1	22	Low	1	Complex	5	Wrong	0.0	0.514103584	0.5105159373333333
11	11	23	1	23	Low	1	Complex	5	Wrong	0.0	0.41454581333333335	0.43719775666666666
11	11	24	1	24	Low	1	Simple	1	Right	1.0	0.6361560866666667	0.6292935353333333
11	11	25	1	25	Low	1	Average	3	Right	1.0	0.5757312	0.574404274
11	11	26	1	26	Low	1	Relatively Simple	2	Wrong	0.0	0.5834487446666666	0.5700414673333333
11	11	27	1	27	Low	1	Average	3	Wrong	0.0	0.47536168533333334	0.48131114599999997
11	11	28	1	28	Low	1	Average	3	Right	1.0	0.5756116066666667	0.5716013486666667
11	11	29	1	29	Low	1	Relatively Complex	4	Wrong	0.0	0.5485724753333333	0.5396967793333333
11	11	30	1	30	Low	1	Relatively Simple	2	Right	1.0	0.6012270693333334	0.5965748233333333
11	11	31	1	31	Low	1	Average	3	Wrong	0.0	0.5832253873333333	0.5658711366666666
11	11	32	1	32	Low	1	Simple	1	Wrong	0.0	0.5371678193333334	0.527478218
11	11	33	1	33	Low	1	Relatively Complex	4	Wrong	0.0	0.5513924360000001	0.5376824653333333
11	11	34	1	34	Low	1	Simple	1	Right	1.0	0.627489316	0.6187074966666667
11	11	35	1	35	Low	1	Complex	5	Wrong	0.0	0.5144523053333333	0.5111990466666666
11	11	36	1	36	Low	1	Relatively Complex	4	Wrong	0.0	0.54633747	0.5340272819999999
11	11	37	1	37	Low	1	Simple	1	Right	1.0	0.6237119413333333	0.615194592
11	11	38	1	38	Low	1	Average	3	Wrong	0.0	0.5798775566666666	0.5621353553333334
11	11	39	1	39	Low	1	Complex	5	Wrong	0.0	0.5192964553333334	0.5141944806666667
11	11	40	1	40	Low	1	Average	3	Wrong	0.0	0.5737308366666666	0.554167168
11	11	41	2	1	Med	2	Relatively Simple	2	Wrong	0.0	0.6066908173333333	0.6058861406666667
11	11	42	2	2	Med	2	Relatively Simple	2	Right	1.0	0.609461728	0.6093518193333334
11	11	43	2	3	Med	2	Relatively Simple	2	Right	1.0	0.603835896	0.6037347693333334
11	11	44	2	4	Med	2	Simple	1	Wrong	0.0	0.6222893506666667	0.6065854573333334
11	11	45	2	5	Med	2	Complex	5	Right	1.0	0.516972592	0.5163776786666666
11	11	46	2	6	Med	2	Relatively Simple	2	Right	1.0	0.6055946066666666	0.6053408813333333
11	11	47	2	7	Med	2	Relatively Complex	4	Wrong	0.0	0.5494280373333335	0.543480022
11	11	48	2	8	Med	2	Relatively Simple	2	Wrong	0.0	0.6106760766666667	0.5856187993333334
11	11	49	2	9	Med	2	Relatively Complex	4	Wrong	0.0	0.5656559526666667	0.5486468426666667
11	11	50	2	10	Med	2	Relatively Complex	4	Right	1.0	0.5397605166666666	0.537268558
11	11	51	2	11	Med	2	Relatively Complex	4	Right	1.0	0.5444765666666666	0.5439117093333333
11	11	52	2	12	Med	2	Relatively Simple	2	Right	1.0	0.6077093506666666	0.6072339353333334
11	11	53	2	13	Med	2	Complex	5	Right	1.0	0.5209076126666666	0.5208161206666667
11	11	54	2	14	Med	2	Simple	1	Wrong	0.0	0.6391185833333334	0.624643854
11	11	55	2	15	Med	2	Average	3	Wrong	0.0	0.5912323833333333	0.5708140506666667
11	11	56	2	16	Med	2	Simple	1	Wrong	0.0	0.6327285046666667	0.5989664573333333
11	11	57	2	17	Med	2	Relatively Complex	4	Wrong	0.0	0.5341496666666666	0.525117534
11	11	58	2	18	Med	2	Average	3	Right	1.0	0.559264492	0.5558724546666666
11	11	59	2	19	Med	2	Complex	5	Right	1.0	0.518330944	0.517830412
11	11	60	2	20	Med	2	Complex	5	Right	1.0	0.518272088	0.5182451733333333
11	11	61	2	21	Med	2	Simple	1	Wrong	0.0	0.5309347173333333	0.5277763879999999
11	11	62	2	22	Med	2	Complex	5	Right	1.0	0.38636698666666663	0.38808475933333336
11	11	63	2	23	Med	2	Complex	5	Right	1.0	0.5221100933333332	0.5220444113333333
11	11	64	2	24	Med	2	Simple	1	Wrong	0.0	0.5170229453333334	0.5161959013333334
11	11	65	2	25	Med	2	Average	3	Wrong	0.0	0.4660663573333333	0.47322142399999995
11	11	66	2	26	Med	2	Relatively Simple	2	Right	1.0	0.5934760333333333	0.5903999706666666
11	11	67	2	27	Med	2	Average	3	Right	1.0	0.4430073906666667	0.44344280266666664
11	11	68	2	28	Med	2	Average	3	Wrong	0.0	0.568310896	0.5611933153333334
11	11	69	2	29	Med	2	Relatively Complex	4	Wrong	0.0	0.5438520946666667	0.5335544006666666
11	11	70	2	30	Med	2	Relatively Simple	2	Right	1.0	0.6000620473333332	0.5958309126666667
11	11	71	2	31	Med	2	Average	3	Right	1.0	0.437516864	0.4380298853333333
11	11	72	2	32	Med	2	Simple	1	Right	1.0	0.6224068206666667	0.6221677113333334
11	11	73	2	33	Med	2	Relatively Complex	4	Wrong	0.0	0.5441919013333334	0.5380602533333333
11	11	74	2	34	Med	2	Simple	1	Wrong	0.0	0.6294825093333333	0.600540628
11	11	75	2	35	Med	2	Complex	5	Wrong	0.0	0.5311817013333333	0.5231661033333334
11	11	76	2	36	Med	2	Relatively Complex	4	Right	1.0	0.42587244999999996	0.43042992266666663
11	11	77	2	37	Med	2	Simple	1	Right	1.0	0.49946803000000006	0.4995089426666666
11	11	78	2	38	Med	2	Average	3	Right	1.0	0.5785854406666666	0.578369654
11	11	79	2	39	Med	2	Complex	5	Right	1.0	0.5165109606666666	0.5165101753333333
11	11	80	2	40	Med	2	Average	3	Right	1.0	0.4183618626666667	0.41847301333333337
11	11	81	3	1	High	3	Relatively Simple	2	Wrong	0.0	0.59025504	0.590047172
11	11	82	3	2	High	3	Relatively Simple	2	Right	1.0	0.606193364	0.6060912413333334
11	11	83	3	3	High	3	Relatively Simple	2	Right	1.0	0.6031211646666668	0.603022074
11	11	84	3	4	High	3	Simple	1	Right	1.0	0.647331946	0.6471891506666666
11	11	85	3	5	High	3	Complex	5	Wrong	0.0	0.5146420966666666	0.5126630566666667
11	11	86	3	6	High	3	Relatively Simple	2	Right	1.0	0.6008384026666667	0.599039946
11	11	87	3	7	High	3	Relatively Complex	4	Right	1.0	0.5586851133333334	0.5584173106666667
11	11	88	3	8	High	3	Relatively Simple	2	Right	1.0	0.6091937046666667	0.6090776313333333
11	11	89	3	9	High	3	Relatively Complex	4	Right	1.0	0.5466167460000001	0.546571784
11	11	90	3	10	High	3	Relatively Complex	4	Right	1.0	0.555977044	0.555920702
11	11	91	3	11	High	3	Relatively Complex	4	Right	1.0	0.5565395473333333	0.556483636
11	11	92	3	12	High	3	Relatively Simple	2	Right	1.0	0.46237694333333335	0.46241365533333334
11	11	93	3	13	High	3	Complex	5	Right	1.0	0.5181361313333334	0.5181191966666666
11	11	94	3	14	High	3	Simple	1	Right	1.0	0.6318032446666666	0.6316759506666667
11	11	95	3	15	High	3	Average	3	Right	1.0	0.5736554026666666	0.5735823273333334
11	11	96	3	16	High	3	Simple	1	Wrong	0.0	0.6181699420000001	0.604252568
11	11	97	3	17	High	3	Relatively Complex	4	Right	1.0	0.543397236	0.5421747739999999
11	11	98	3	18	High	3	Average	3	Right	1.0	0.5712032140000001	0.5709889393333333
11	11	99	3	19	High	3	Complex	5	Right	1.0	0.526095036	0.526061002
11	11	100	3	20	High	3	Complex	5	Right	1.0	0.5226109406666667	0.52258902
11	11	101	3	21	High	3	Simple	1	Right	1.0	0.634082512	0.633953046
11	11	102	3	22	High	3	Complex	5	Right	1.0	0.5161860186666666	0.5161709833333333
11	11	103	3	23	High	3	Complex	5	Right	1.0	0.5254567913333333	0.5254316193333334
11	11	104	3	24	High	3	Simple	1	Right	1.0	0.6180480213333334	0.6179331339999999
11	11	105	3	25	High	3	Average	3	Right	1.0	0.58112438	0.5810457033333334
11	11	106	3	26	High	3	Relatively Simple	2	Wrong	0.0	0.6165839353333333	0.6033910046666667
11	11	107	3	27	High	3	Average	3	Wrong	0.0	0.5739176046666666	0.5574024493333334
11	11	108	3	28	High	3	Average	3	Wrong	0.0	0.5795379226666667	0.558664946
11	11	109	3	29	High	3	Relatively Complex	4	Right	1.0	0.544375818	0.54202396
11	11	110	3	30	High	3	Relatively Simple	2	Right	1.0	0.5942894366666667	0.5929307926666668
11	11	111	3	31	High	3	Average	3	Right	1.0	0.5819785133333334	0.5814777886666667
11	11	112	3	32	High	3	Simple	1	Right	1.0	0.6238365	0.6236150746666667
11	11	113	3	33	High	3	Relatively Complex	4	Wrong	0.0	0.5393072433333334	0.5347470759999999
11	11	114	3	34	High	3	Simple	1	Right	1.0	0.6186160553333333	0.616495256
11	11	115	3	35	High	3	Complex	5	Right	1.0	0.5231678026666667	0.5230159480000001
11	11	116	3	36	High	3	Relatively Complex	4	Right	1.0	0.5506899113333333	0.5506407333333333
11	11	117	3	37	High	3	Simple	1	Right	1.0	0.6189335366666667	0.618815312
11	11	118	3	38	High	3	Average	3	Right	1.0	0.5694455453333332	0.569377646
11	11	119	3	39	High	3	Complex	5	Right	1.0	0.5172215766666666	0.517203972
11	11	120	3	40	High	3	Average	3	Right	1.0	0.5726743473333332	0.572603928
12	12	1	1	1	Low	1	Relatively Simple	2			0.6419232500666667	0.6061048546666666
12	12	2	1	2	Low	1	Relatively Simple	2	Wrong	0.0	0.652265207	0.610785204
12	12	3	1	3	Low	1	Relatively Simple	2	Right	1.0	0.6513157762666667	0.6376731796
12	12	4	1	4	Low	1	Simple	1	Right	1.0	0.6847109411333333	0.679395736
12	12	5	1	5	Low	1	Complex	5	Right	1.0	0.3850821470666667	0.386462582
12	12	6	1	6	Low	1	Relatively Simple	2	Wrong	0.0	0.6540782589999999	0.6397100856666667
12	12	7	1	7	Low	1	Relatively Complex	4	Wrong	0.0	0.5602689231333334	0.5453386106666667
12	12	8	1	8	Low	1	Relatively Simple	2	Wrong	0.0	0.5508090201333333	0.5371153359999999
12	12	9	1	9	Low	1	Relatively Complex	4	Wrong	0.0	0.4575120682	0.4690165686666667
12	12	10	1	10	Low	1	Relatively Complex	4	Wrong	0.0	0.4616782366	0.47215912
12	12	11	1	11	Low	1	Relatively Complex	4	Wrong	0.0	0.44352303346666666	0.4591938973333333
12	12	12	1	12	Low	1	Relatively Simple	2	Right	1.0	0.5138518078	0.5132335945333334
12	12	13	1	13	Low	1	Complex	5	Wrong	0.0	0.4039387148	0.421389498
12	12	14	1	14	Low	1	Simple	1	Wrong	0.0	0.6828135011333334	0.6369946173333333
12	12	15	1	15	Low	1	Average	3	Wrong	0.0	0.6142636452	0.5826893173333333
12	12	16	1	16	Low	1	Simple	1	Right	1.0	0.6961328999999999	0.6813931244
12	12	17	1	17	Low	1	Relatively Complex	4	Right	1.0	0.41011922500000003	0.4128790194666667
12	12	18	1	18	Low	1	Average	3	Wrong	0.0	0.6321376787999999	0.6155068746666666
12	12	19	1	19	Low	1	Complex	5	Wrong	0.0	0.41802075333333333	0.4385436426666667
12	12	20	1	20	Low	1	Complex	5	Right	1.0	0.37472624293333334	0.38009129979999995
12	12	21	1	21	Low	1	Simple	1	Right	1.0	0.6757819316	0.6745636368666666
12	12	22	1	22	Low	1	Complex	5	Wrong	0.0	0.4032123814	0.41947915473333336
12	12	23	1	23	Low	1	Complex	5	Wrong	0.0	0.4105897145333333	0.4317357085333333
12	12	24	1	24	Low	1	Simple	1	Right	1.0	0.5509207713333333	0.5494515464666666
12	12	25	1	25	Low	1	Average	3	Wrong	0.0	0.6269634458	0.6043678661999999
12	12	26	1	26	Low	1	Relatively Simple	2	Right	1.0	0.5252598786666667	0.5242046955999999
12	12	27	1	27	Low	1	Average	3	Wrong	0.0	0.6201474443333334	0.5980124733333333
12	12	28	1	28	Low	1	Average	3	Wrong	0.0	0.6273004313333334	0.5938518946666665
12	12	29	1	29	Low	1	Relatively Complex	4	Wrong	0.0	0.4559246563333333	0.46785941400000003
12	12	30	1	30	Low	1	Relatively Simple	2	Wrong	0.0	0.6442426638666667	0.6046752606666667
12	12	31	1	31	Low	1	Average	3	Wrong	0.0	0.6181117781333333	0.585468958
12	12	32	1	32	Low	1	Simple	1	Right	1.0	0.6923860488000001	0.6779753434
12	12	33	1	33	Low	1	Relatively Complex	4	Wrong	0.0	0.5797784909333333	0.5594548246666667
12	12	34	1	34	Low	1	Simple	1	Right	1.0	0.6802764652	0.6688239156666667
12	12	35	1	35	Low	1	Complex	5	Wrong	0.0	0.4062579412	0.42886865886666664
12	12	36	1	36	Low	1	Relatively Complex	4	Right	1.0	0.4351817726	0.43746276386666666
12	12	37	1	37	Low	1	Simple	1	Right	1.0	0.6781234810666666	0.6766672851999999
12	12	38	1	38	Low	1	Average	3	Wrong	0.0	0.6254119041999999	0.6026835159999999
12	12	39	1	39	Low	1	Complex	5	Wrong	0.0	0.40785307899999995	0.43172965533333335
12	12	40	1	40	Low	1	Average	3	Wrong	0.0	0.6107732478666666	0.5806094606666666
12	12	41	2	1	Med	2	Relatively Simple	2	Right	1.0	0.6708709191333333	0.6623297190666667
12	12	42	2	2	Med	2	Relatively Simple	2	Right	1.0	0.6547327206666668	0.6536915902666666
12	12	43	2	3	Med	2	Relatively Simple	2	Right	1.0	0.524283643	0.5242640246666667
12	12	44	2	4	Med	2	Simple	1	Wrong	0.0	0.6966066824666667	0.6734731186666667
12	12	45	2	5	Med	2	Complex	5	Wrong	0.0	0.5486983217333333	0.5369889853333333
12	12	46	2	6	Med	2	Relatively Simple	2	Wrong	0.0	0.6384663112000001	0.6012070033333333
12	12	47	2	7	Med	2	Relatively Complex	4	Right	1.0	0.4408446648666667	0.4454909501333333
12	12	48	2	8	Med	2	Relatively Simple	2	Right	1.0	0.6627398154666667	0.6604366749333334
12	12	49	2	9	Med	2	Relatively Complex	4	Wrong	0.0	0.4278876698666667	0.4401682388666666
12	12	50	2	10	Med	2	Relatively Complex	4	Right	1.0	0.4345118122	0.4362728626666667
12	12	51	2	11	Med	2	Relatively Complex	4	Right	1.0	0.4158120275333333	0.41620208873333336
12	12	52	2	12	Med	2	Relatively Simple	2	Wrong	0.0	0.6585823931333333	0.6451869731333333
12	12	53	2	13	Med	2	Complex	5	Wrong	0.0	0.5394616746666666	0.5296994493333332
12	12	54	2	14	Med	2	Simple	1	Right	1.0	0.6923364620666667	0.6834588299333332
12	12	55	2	15	Med	2	Average	3	Right	1.0	0.6232165242666666	0.6213679654666667
12	12	56	2	16	Med	2	Simple	1	Right	1.0	0.6825103363333334	0.6816957683333333
12	12	57	2	17	Med	2	Relatively Complex	4	Right	1.0	0.41872639426666663	0.4189004418666667
12	12	58	2	18	Med	2	Average	3	Wrong	0.0	0.47240801306666663	0.4752087184
12	12	59	2	19	Med	2	Complex	5	Right	1.0	0.5344242644	0.5340685736666667
12	12	60	2	20	Med	2	Complex	5	Right	1.0	0.3713497104666667	0.37160133986666666
12	12	61	2	21	Med	2	Simple	1	Wrong	0.0	0.7015507987333334	0.6878226433333333
12	12	62	2	22	Med	2	Complex	5	Wrong	0.0	0.5418320529333334	0.5313783411333333
12	12	63	2	23	Med	2	Complex	5	Wrong	0.0	0.542424927	0.5313350013333333
12	12	64	2	24	Med	2	Simple	1	Right	1.0	0.6915636024666667	0.6803598681999999
12	12	65	2	25	Med	2	Average	3	Right	1.0	0.44716502480000003	0.4480540510666667
12	12	66	2	26	Med	2	Relatively Simple	2	Wrong	0.0	0.6617505692	0.6410959977333334
12	12	67	2	27	Med	2	Average	3	Right	1.0	0.6190077937999999	0.6150026271333334
12	12	68	2	28	Med	2	Average	3	Right	1.0	0.463553234	0.463992784
12	12	69	2	29	Med	2	Relatively Complex	4	Wrong	0.0	0.41458191473333333	0.42437186126666665
12	12	70	2	30	Med	2	Relatively Simple	2	Wrong	0.0	0.6341772648666667	0.6058117926666667
12	12	71	2	31	Med	2	Average	3	Right	1.0	0.6306752148000001	0.6234346810666667
12	12	72	2	32	Med	2	Simple	1	Wrong	0.0	0.6659355088666666	0.6313878166666667
12	12	73	2	33	Med	2	Relatively Complex	4	Right	1.0	0.41839732846666666	0.4240291914
12	12	74	2	34	Med	2	Simple	1	Right	1.0	0.6851808986666666	0.6834383108000001
12	12	75	2	35	Med	2	Complex	5	Wrong	0.0	0.5330609902	0.5265835346
12	12	76	2	36	Med	2	Relatively Complex	4	Right	1.0	0.4274119279333333	0.4297792756
12	12	77	2	37	Med	2	Simple	1	Right	1.0	0.6934007206666667	0.6925848306
12	12	78	2	38	Med	2	Average	3	Right	1.0	0.6254500444000001	0.6251900992
12	12	79	2	39	Med	2	Complex	5	Right	1.0	0.5575629795333333	0.5574974922666667
12	12	80	2	40	Med	2	Average	3	Right	1.0	0.6162702285333334	0.6161380964666666
12	12	81	3	1	High	3	Relatively Simple	2	Right	1.0	0.6276407036666667	0.6274305878666667
12	12	82	3	2	High	3	Relatively Simple	2	Right	1.0	0.6414583081999999	0.6413116094666668
12	12	83	3	3	High	3	Relatively Simple	2	Right	1.0	0.6483869984666666	0.6482308788666667
12	12	84	3	4	High	3	Simple	1	Right	1.0	0.6903513757333334	0.690155193
12	12	85	3	5	High	3	Complex	5	Right	1.0	0.5361319674000001	0.5360968811333332
12	12	86	3	6	High	3	Relatively Simple	2	Right	1.0	0.6492484638666667	0.6490935816
12	12	87	3	7	High	3	Relatively Complex	4	Right	1.0	0.5720249194666667	0.5719510197333334
12	12	88	3	8	High	3	Relatively Simple	2	Right	1.0	0.6440380927333332	0.6438877152
12	12	89	3	9	High	3	Relatively Complex	4	Right	1.0	0.5794518329999999	0.5793686100666666
12	12	90	3	10	High	3	Relatively Complex	4	Right	1.0	0.6032493271333333	0.6031398060666667
12	12	91	3	11	High	3	Relatively Complex	4	Right	1.0	0.5850235114666665	0.5849322058666667
12	12	92	3	12	High	3	Relatively Simple	2	Right	1.0	0.6451383252	0.6449925493333334
12	12	93	3	13	High	3	Complex	5	Wrong	0.0	0.5377741772666668	0.5313989555333333
12	12	94	3	14	High	3	Simple	1	Right	1.0	0.6834925238666667	0.6788405718666667
12	12	95	3	15	High	3	Average	3	Right	1.0	0.6215133405333333	0.6206465990666666
12	12	96	3	16	High	3	Simple	1	Right	1.0	0.6891166827333333	0.6887360999333333
12	12	97	3	17	High	3	Relatively Complex	4	Right	1.0	0.5783606472666667	0.5782676149333333
12	12	98	3	18	High	3	Average	3	Right	1.0	0.6387814199999999	0.6386318786666666
12	12	99	3	19	High	3	Complex	5	Right	1.0	0.5593988714666666	0.559333956
12	12	100	3	20	High	3	Complex	5	Right	1.0	0.5571942289999999	0.5571322106666666
12	12	101	3	21	High	3	Simple	1	Right	1.0	0.6789845478666666	0.6787970180666667
12	12	102	3	22	High	3	Complex	5	Right	1.0	0.5500275204	0.5499745280666667
12	12	103	3	23	High	3	Complex	5	Wrong	0.0	0.5540868811999999	0.5467960341333333
12	12	104	3	24	High	3	Simple	1	Wrong	0.0	0.6707175346666667	0.63317625
12	12	105	3	25	High	3	Average	3	Wrong	0.0	0.6317256403333333	0.5967369313333333
12	12	106	3	26	High	3	Relatively Simple	2	Right	1.0	0.6717058944000001	0.6589444905333334
12	12	107	3	27	High	3	Average	3	Right	1.0	0.6326602197333333	0.6294769561333333
12	12	108	3	28	High	3	Average	3	Right	1.0	0.6341529548666668	0.6335661622
12	12	109	3	29	High	3	Relatively Complex	4	Right	1.0	0.5921452691333333	0.5919773513333334
12	12	110	3	30	High	3	Relatively Simple	2	Wrong	0.0	0.6508060227333333	0.6293313899999999
12	12	111	3	31	High	3	Average	3	Right	1.0	0.6163233596000001	0.6126960463333333
12	12	112	3	32	High	3	Simple	1	Right	1.0	0.6912200875333333	0.6900608109333334
12	12	113	3	33	High	3	Relatively Complex	4	Right	1.0	0.5918020912666667	0.5915839124
12	12	114	3	34	High	3	Simple	1	Right	1.0	0.6792920724	0.6790759463333332
12	12	115	3	35	High	3	Complex	5	Right	1.0	0.5513318058666666	0.5512752563333333
12	12	116	3	36	High	3	Relatively Complex	4	Right	1.0	0.5746746171333333	0.574595764
12	12	117	3	37	High	3	Simple	1	Right	1.0	0.6708901258666667	0.6707171144666667
12	12	118	3	38	High	3	Average	3	Wrong	0.0	0.6176872378666666	0.5990548371333334
12	12	119	3	39	High	3	Complex	5	Right	1.0	0.5621062362	0.5598895088666667
12	12	120	3	40	High	3	Average	3	Right	1.0	0.6226933147333334	0.6219850061333333
13	13	1	1	1	Low	1	Relatively Simple	2			0.6118341913333333	0.5825399153333334
13	13	2	1	2	Low	1	Relatively Simple	2	Wrong	0.0	0.6186232846666667	0.587003206
13	13	3	1	3	Low	1	Relatively Simple	2	Wrong	0.0	0.5270172046666667	0.5198680433333333
13	13	4	1	4	Low	1	Simple	1	Right	1.0	0.5400736386666667	0.5382331413333333
13	13	5	1	5	Low	1	Complex	5	Right	1.0	0.5360041873333333	0.5354012126666666
13	13	6	1	6	Low	1	Relatively Simple	2	Wrong	0.0	0.5210242826666667	0.5182614266666666
13	13	7	1	7	Low	1	Relatively Complex	4	Wrong	0.0	0.47287772599999994	0.47896395399999997
13	13	8	1	8	Low	1	Relatively Simple	2	Right	1.0	0.624222792	0.6194591653333333
13	13	9	1	9	Low	1	Relatively Complex	4	Right	1.0	0.45790277	0.45843347800000006
13	13	10	1	10	Low	1	Relatively Complex	4	Wrong	0.0	0.45634315066666664	0.46161056533333333
13	13	11	1	11	Low	1	Relatively Complex	4	Right	1.0	0.4645135386666666	0.46516249066666665
13	13	12	1	12	Low	1	Relatively Simple	2	Wrong	0.0	0.6302235546666667	0.6140344126666667
13	13	13	1	13	Low	1	Complex	5	Right	1.0	0.4196684046666667	0.4217877446666667
13	13	14	1	14	Low	1	Simple	1	Wrong	0.0	0.5547653033333334	0.5468571839999999
13	13	15	1	15	Low	1	Average	3	Wrong	0.0	0.49331763999999995	0.49505295266666666
13	13	16	1	16	Low	1	Simple	1	Wrong	0.0	0.5790699313333333	0.5583173533333334
13	13	17	1	17	Low	1	Relatively Complex	4	Right	1.0	0.4449129726666667	0.448598302
13	13	18	1	18	Low	1	Average	3	Wrong	0.0	0.4995957286666666	0.500369308
13	13	19	1	19	Low	1	Complex	5	Wrong	0.0	0.5375189859999999	0.52785903
13	13	20	1	20	Low	1	Complex	5	Wrong	0.0	0.5358028579999999	0.5261297180000001
13	13	21	1	21	Low	1	Simple	1	Wrong	0.0	0.5722907173333333	0.5528841466666666
13	13	22	1	22	Low	1	Complex	5	Right	1.0	0.41222768	0.41776745066666665
13	13	23	1	23	Low	1	Complex	5	Right	1.0	0.41089345800000004	0.4119571086666667
13	13	24	1	24	Low	1	Simple	1	Right	1.0	0.526099742	0.5258687513333333
13	13	25	1	25	Low	1	Average	3	Right	1.0	0.4686265586666667	0.46876918533333334
13	13	26	1	26	Low	1	Relatively Simple	2	Wrong	0.0	0.6157421873333333	0.604087276
13	13	27	1	27	Low	1	Average	3	Wrong	0.0	0.492147124	0.4937736286666666
13	13	28	1	28	Low	1	Average	3	Wrong	0.0	0.5019401019999999	0.5010874866666667
13	13	29	1	29	Low	1	Relatively Complex	4	Right	1.0	0.4355485833333333	0.4391368386666667
13	13	30	1	30	Low	1	Relatively Simple	2	Right	1.0	0.5058994586666666	0.5059310226666667
13	13	31	1	31	Low	1	Average	3	Right	1.0	0.589353004	0.5890495866666666
13	13	32	1	32	Low	1	Simple	1	Right	1.0	0.5325024206666668	0.5325296306666667
13	13	33	1	33	Low	1	Relatively Complex	4	Wrong	0.0	0.46895467	0.47274773733333336
13	13	34	1	34	Low	1	Simple	1	Wrong	0.0	0.5520722973333334	0.5411005520000001
13	13	35	1	35	Low	1	Complex	5	Right	1.0	0.4240784673333333	0.427084644
13	13	36	1	36	Low	1	Relatively Complex	4	Right	1.0	0.455077326	0.4553415953333333
13	13	37	1	37	Low	1	Simple	1	Right	1.0	0.5426060693333333	0.5424949946666667
13	13	38	1	38	Low	1	Average	3	Wrong	0.0	0.4994432119999999	0.49923080866666664
13	13	39	1	39	Low	1	Complex	5	Wrong	0.0	0.54087074	0.5324961899999999
13	13	40	1	40	Low	1	Average	3	Wrong	0.0	0.49805730600000003	0.498730358
13	13	41	2	1	Med	2	Relatively Simple	2	Wrong	0.0	0.6012110933333333	0.5888561846666667
13	13	42	2	2	Med	2	Relatively Simple	2	Wrong	0.0	0.6168264933333334	0.5864869813333333
13	13	43	2	3	Med	2	Relatively Simple	2	Right	1.0	0.6162245846666666	0.608479998
13	13	44	2	4	Med	2	Simple	1	Right	1.0	0.6445492713333334	0.642042208
13	13	45	2	5	Med	2	Complex	5	Right	1.0	0.5494265013333334	0.5489610886666666
13	13	46	2	6	Med	2	Relatively Simple	2	Right	1.0	0.6200881933333334	0.6198397853333334
13	13	47	2	7	Med	2	Relatively Complex	4	Wrong	0.0	0.5615718953333334	0.5517462246666667
13	13	48	2	8	Med	2	Relatively Simple	2	Wrong	0.0	0.5239235993333333	0.5184908026666667
13	13	49	2	9	Med	2	Relatively Complex	4	Wrong	0.0	0.5578842306666667	0.5427776493333333
13	13	50	2	10	Med	2	Relatively Complex	4	Right	1.0	0.5583685253333334	0.55515901
13	13	51	2	11	Med	2	Relatively Complex	4	Right	1.0	0.5522519186666667	0.5517702786666666
13	13	52	2	12	Med	2	Relatively Simple	2	Right	1.0	0.49150145866666667	0.491714156
13	13	53	2	13	Med	2	Complex	5	Right	1.0	0.412132048	0.4122643793333333
13	13	54	2	14	Med	2	Simple	1	Right	1.0	0.6404684193333333	0.640328208
13	13	55	2	15	Med	2	Average	3	Right	1.0	0.47803976333333337	0.47807238133333335
13	13	56	2	16	Med	2	Simple	1	Wrong	0.0	0.642811928	0.6282967380000001
13	13	57	2	17	Med	2	Relatively Complex	4	Wrong	0.0	0.5595792386666667	0.5461694126666666
13	13	58	2	18	Med	2	Average	3	Right	1.0	0.5918594013333334	0.5879077846666667
13	13	59	2	19	Med	2	Complex	5	Right	1.0	0.5425849026666666	0.5423941233333333
13	13	60	2	20	Med	2	Complex	5	Right	1.0	0.5629405333333333	0.562844948
13	13	61	2	21	Med	2	Simple	1	Right	1.0	0.6512225046666666	0.651060886
13	13	62	2	22	Med	2	Complex	5	Wrong	0.0	0.5239225173333334	0.521263316
13	13	63	2	23	Med	2	Complex	5	Wrong	0.0	0.5364863573333333	0.5276092106666667
13	13	64	2	24	Med	2	Simple	1	Right	1.0	0.6392981473333333	0.6329620106666667
13	13	65	2	25	Med	2	Average	3	Right	1.0	0.5891727526666667	0.5883402833333334
13	13	66	2	26	Med	2	Relatively Simple	2	Right	1.0	0.5036955866666667	0.5036708753333333
13	13	67	2	27	Med	2	Average	3	Wrong	0.0	0.5865464006666666	0.5770399286666666
13	13	68	2	28	Med	2	Average	3	Wrong	0.0	0.5921805653333333	0.5715206833333334
13	13	69	2	29	Med	2	Relatively Complex	4	Wrong	0.0	0.5673405366666666	0.5498893106666666
13	13	70	2	30	Med	2	Relatively Simple	2	Right	1.0	0.6137014340000001	0.6070049306666667
13	13	71	2	31	Med	2	Average	3	Right	1.0	0.481735998	0.4820897446666667
13	13	72	2	32	Med	2	Simple	1	Wrong	0.0	0.6415824200000001	0.6232712773333334
13	13	73	2	33	Med	2	Relatively Complex	4	Right	1.0	0.57868988	0.576759714
13	13	74	2	34	Med	2	Simple	1	Right	1.0	0.658843124	0.6577867146666666
13	13	75	2	35	Med	2	Complex	5	Right	1.0	0.41726849666666666	0.4174123166666666
13	13	76	2	36	Med	2	Relatively Complex	4	Wrong	0.0	0.562824656	0.5580456006666666
13	13	77	2	37	Med	2	Simple	1	Wrong	0.0	0.6239129586666667	0.5969500120000001
13	13	78	2	38	Med	2	Average	3	Right	1.0	0.5907954406666667	0.5862224073333334
13	13	79	2	39	Med	2	Complex	5	Wrong	0.0	0.5278990313333334	0.522466182
13	13	80	2	40	Med	2	Average	3	Right	1.0	0.480691536	0.4814491513333334
13	13	81	3	1	High	3	Relatively Simple	2	Right	1.0	0.6174000706666667	0.6171476880000001
13	13	82	3	2	High	3	Relatively Simple	2	Right	1.0	0.6211180606666667	0.6210006873333334
13	13	83	3	3	High	3	Relatively Simple	2	Right	1.0	0.6189158786666668	0.6188004166666666
13	13	84	3	4	High	3	Simple	1	Wrong	0.0	0.6310745113333334	0.6134279426666667
13	13	85	3	5	High	3	Complex	5	Right	1.0	0.56784122	0.566083066
13	13	86	3	6	High	3	Relatively Simple	2	Right	1.0	0.6267430226666667	0.6263424373333333
13	13	87	3	7	High	3	Relatively Complex	4	Right	1.0	0.5832232653333334	0.5831326893333333
13	13	88	3	8	High	3	Relatively Simple	2	Right	1.0	0.6252252806666666	0.62510023
13	13	89	3	9	High	3	Relatively Complex	4	Right	1.0	0.5639188133333334	0.5638555906666667
13	13	90	3	10	High	3	Relatively Complex	4	Right	1.0	0.5703114406666666	0.57024098
13	13	91	3	11	High	3	Relatively Complex	4	Right	1.0	0.5850483746666667	0.5849643333333333
13	13	92	3	12	High	3	Relatively Simple	2	Right	1.0	0.6312574746666667	0.6311286346666667
13	13	93	3	13	High	3	Complex	5	Right	1.0	0.548277602	0.548229266
13	13	94	3	14	High	3	Simple	1	Right	1.0	0.641150038	0.641012668
13	13	95	3	15	High	3	Average	3	Right	1.0	0.5826839353333334	0.5826042926666667
13	13	96	3	16	High	3	Simple	1	Wrong	0.0	0.644926338	0.6266875846666667
13	13	97	3	17	High	3	Relatively Complex	4	Right	1.0	0.5770127946666667	0.5752084626666666
13	13	98	3	18	High	3	Average	3	Right	1.0	0.5970017553333333	0.5966610206666667
13	13	99	3	19	High	3	Complex	5	Right	1.0	0.5434528986666667	0.5434031146666666
13	13	100	3	20	High	3	Complex	5	Right	1.0	0.558573004	0.5585148946666667
13	13	101	3	21	High	3	Simple	1	Right	1.0	0.6511498073333333	0.6510027466666667
13	13	102	3	22	High	3	Complex	5	Right	1.0	0.5555741546666667	0.5555180966666667
13	13	103	3	23	High	3	Complex	5	Right	1.0	0.54855417	0.5485055106666666
13	13	104	3	24	High	3	Simple	1	Right	1.0	0.638384866	0.63825017
13	13	105	3	25	High	3	Average	3	Right	1.0	0.6070137533333333	0.6069090513333333
13	13	106	3	26	High	3	Relatively Simple	2	Wrong	0.0	0.61467103	0.5985859553333333
13	13	107	3	27	High	3	Average	3	Wrong	0.0	0.6011019433333333	0.577285314
13	13	108	3	28	High	3	Average	3	Wrong	0.0	0.51203911	0.5091794286666667
13	13	109	3	29	High	3	Relatively Complex	4	Right	1.0	0.5639566233333334	0.5610442766666667
13	13	110	3	30	High	3	Relatively Simple	2	Right	1.0	0.61269154	0.6114276766666666
13	13	111	3	31	High	3	Average	3	Right	1.0	0.6001186606666666	0.5997020113333335
13	13	112	3	32	High	3	Simple	1	Wrong	0.0	0.6416944873333333	0.6215655353333333
13	13	113	3	33	High	3	Relatively Complex	4	Right	1.0	0.5867060373333334	0.5841843
13	13	114	3	34	High	3	Simple	1	Right	1.0	0.6507775853333333	0.649988654
13	13	115	3	35	High	3	Complex	5	Right	1.0	0.538601354	0.5385643339999999
13	13	116	3	36	High	3	Relatively Complex	4	Right	1.0	0.5878470813333333	0.5877507839999999
13	13	117	3	37	High	3	Simple	1	Right	1.0	0.645169894	0.6450261766666666
13	13	118	3	38	High	3	Average	3	Right	1.0	0.5886512279999999	0.5885649293333334
13	13	119	3	39	High	3	Complex	5	Right	1.0	0.5347031326666667	0.53466955
13	13	120	3	40	High	3	Average	3	Wrong	0.0	0.5930884213333334	0.5821727793333333
14	14	1	1	1	Low	1	Relatively Simple	2			0.6138380406666667	0.5977342915333334
14	14	2	1	2	Low	1	Relatively Simple	2	Wrong	0.0	0.7356568442666666	0.6685297593333334
14	14	3	1	3	Low	1	Relatively Simple	2	Wrong	0.0	0.7278730263333334	0.658803516
14	14	4	1	4	Low	1	Simple	1	Right	1.0	0.8129576824	0.7791219174666667
14	14	5	1	5	Low	1	Complex	5	Wrong	0.0	0.5516119772	0.5353310212
14	14	6	1	6	Low	1	Relatively Simple	2	Wrong	0.0	0.7291643150666668	0.6596251173333333
14	14	7	1	7	Low	1	Relatively Complex	4	Wrong	0.0	0.6119049012666666	0.5756422233333334
14	14	8	1	8	Low	1	Relatively Simple	2	Right	1.0	0.5812759209333334	0.5743982768
14	14	9	1	9	Low	1	Relatively Complex	4	Right	1.0	0.5963885717333334	0.5933864988666667
14	14	10	1	10	Low	1	Relatively Complex	4	Right	1.0	0.6242243896666667	0.6229976736
14	14	11	1	11	Low	1	Relatively Complex	4	Wrong	0.0	0.6095076880666667	0.5902366822666667
14	14	12	1	12	Low	1	Relatively Simple	2	Wrong	0.0	0.6316389079333333	0.5967067305333332
14	14	13	1	13	Low	1	Complex	5	Wrong	0.0	0.5401680682	0.5272338868
14	14	14	1	14	Low	1	Simple	1	Wrong	0.0	0.7926765954	0.7055735693333333
14	14	15	1	15	Low	1	Average	3	Right	1.0	0.6853628058	0.6582785740666667
14	14	16	1	16	Low	1	Simple	1	Wrong	0.0	0.8017190840666667	0.7223786406666667
14	14	17	1	17	Low	1	Relatively Complex	4	Wrong	0.0	0.5930753329999999	0.5636800046666667
14	14	18	1	18	Low	1	Average	3	Wrong	0.0	0.6831642471333333	0.6254931726666667
14	14	19	1	19	Low	1	Complex	5	Right	1.0	0.36937415133333334	0.38412050626666666
14	14	20	1	20	Low	1	Complex	5	Right	1.0	0.5533368131999999	0.5520959994666668
14	14	21	1	21	Low	1	Simple	1	Wrong	0.0	0.7911032714666666	0.7518999735333334
14	14	22	1	22	Low	1	Complex	5	Wrong	0.0	0.41183320633333337	0.4373901946
14	14	23	1	23	Low	1	Complex	5	Wrong	0.0	0.40327763240000003	0.43463755286666667
14	14	24	1	24	Low	1	Simple	1	Right	1.0	0.8052745894000001	0.7920269451999999
14	14	25	1	25	Low	1	Average	3	Right	1.0	0.5200575603333334	0.5194857048666667
14	14	26	1	26	Low	1	Relatively Simple	2	Wrong	0.0	0.6124066764666667	0.5946746840666667
14	14	27	1	27	Low	1	Average	3	Right	1.0	0.6975049935333333	0.6888264198666666
14	14	28	1	28	Low	1	Average	3	Wrong	0.0	0.6555114604	0.6203597353333333
14	14	29	1	29	Low	1	Relatively Complex	4	Right	1.0	0.4203278981333334	0.4261344119333333
14	14	30	1	30	Low	1	Relatively Simple	2	Wrong	0.0	0.5850806029333333	0.5698379208666667
14	14	31	1	31	Low	1	Average	3	Wrong	0.0	0.6608712975333333	0.6159090346666667
14	14	32	1	32	Low	1	Simple	1	Right	1.0	0.7819887644666667	0.7601865008666667
14	14	33	1	33	Low	1	Relatively Complex	4	Wrong	0.0	0.6065864231333333	0.5753189595333333
14	14	34	1	34	Low	1	Simple	1	Wrong	0.0	0.7736631984	0.6955887433333333
14	14	35	1	35	Low	1	Complex	5	Right	1.0	0.36864018393333337	0.38711335799999996
14	14	36	1	36	Low	1	Relatively Complex	4	Wrong	0.0	0.6149033384666667	0.5857597966666668
14	14	37	1	37	Low	1	Simple	1	Wrong	0.0	0.7871594806666667	0.7072738123333333
14	14	38	1	38	Low	1	Average	3	Wrong	0.0	0.6838572268666666	0.6257055993333333
14	14	39	1	39	Low	1	Complex	5	Wrong	0.0	0.38999461013333336	0.4247479273333333
14	14	40	1	40	Low	1	Average	3	Wrong	0.0	0.6756639437333334	0.6201992513333333
14	14	41	2	1	Med	2	Relatively Simple	2	Right	1.0	0.7337319747333333	0.6861752586666666
14	14	42	2	2	Med	2	Relatively Simple	2	Wrong	0.0	0.7158606046666667	0.6509130713333332
14	14	43	2	3	Med	2	Relatively Simple	2	Right	1.0	0.7329567875333334	0.7074962831999999
14	14	44	2	4	Med	2	Simple	1	Right	1.0	0.7931088587333334	0.7798554919999999
14	14	45	2	5	Med	2	Complex	5	Right	1.0	0.33933023553333336	0.3435693625333333
14	14	46	2	6	Med	2	Relatively Simple	2	Wrong	0.0	0.7428815926	0.7180976984666666
14	14	47	2	7	Med	2	Relatively Complex	4	Wrong	0.0	0.6298096634	0.5936936186666667
14	14	48	2	8	Med	2	Relatively Simple	2	Wrong	0.0	0.7522405720666666	0.6756849653333333
14	14	49	2	9	Med	2	Relatively Complex	4	Wrong	0.0	0.6232314144000001	0.5836370826666667
14	14	50	2	10	Med	2	Relatively Complex	4	Right	1.0	0.6299086142	0.6188671225999999
14	14	51	2	11	Med	2	Relatively Complex	4	Right	1.0	0.6124835796666667	0.6091545715333334
14	14	52	2	12	Med	2	Relatively Simple	2	Right	1.0	0.7605479358666667	0.7577113292000001
14	14	53	2	13	Med	2	Complex	5	Wrong	0.0	0.5387056566666667	0.5298115284000001
14	14	54	2	14	Med	2	Simple	1	Right	1.0	0.7926747842666667	0.7814995462666666
14	14	55	2	15	Med	2	Average	3	Right	1.0	0.6794712390666667	0.6753489696
14	14	56	2	16	Med	2	Simple	1	Right	1.0	0.7830121896666666	0.7806554937333333
14	14	57	2	17	Med	2	Relatively Complex	4	Right	1.0	0.6152018232	0.6148514086666667
14	14	58	2	18	Med	2	Average	3	Wrong	0.0	0.6745179199333334	0.6470246184666667
14	14	59	2	19	Med	2	Complex	5	Wrong	0.0	0.5570370230666667	0.5406234264
14	14	60	2	20	Med	2	Complex	5	Wrong	0.0	0.508894259	0.5059210771333333
14	14	61	2	21	Med	2	Simple	1	Right	1.0	0.7842388866	0.7692424830666668
14	14	62	2	22	Med	2	Complex	5	Right	1.0	0.5253846469333333	0.5242089515333334
14	14	63	2	23	Med	2	Complex	5	Right	1.0	0.5634323944	0.5629460917333333
14	14	64	2	24	Med	2	Simple	1	Right	1.0	0.8062541698666666	0.8051970169333332
14	14	65	2	25	Med	2	Average	3	Wrong	0.0	0.6905611737333333	0.645551264
14	14	66	2	26	Med	2	Relatively Simple	2	Wrong	0.0	0.7532845944000001	0.6809660753333334
14	14	67	2	27	Med	2	Average	3	Right	1.0	0.6897459662	0.6681282632
14	14	68	2	28	Med	2	Average	3	Right	1.0	0.6941746296666667	0.6865893368
14	14	69	2	29	Med	2	Relatively Complex	4	Right	1.0	0.6027067314666668	0.6013438992666666
14	14	70	2	30	Med	2	Relatively Simple	2	Right	1.0	0.7471140296	0.7458054258666666
14	14	71	2	31	Med	2	Average	3	Wrong	0.0	0.68294006	0.6451773582666667
14	14	72	2	32	Med	2	Simple	1	Wrong	0.0	0.7849733448	0.7060977206666667
14	14	73	2	33	Med	2	Relatively Complex	4	Wrong	0.0	0.6238785442	0.5844540026666666
14	14	74	2	34	Med	2	Simple	1	Right	1.0	0.8113636631333333	0.7861079338666667
14	14	75	2	35	Med	2	Complex	5	Right	1.0	0.5397800935333333	0.5384559262
14	14	76	2	36	Med	2	Relatively Complex	4	Right	1.0	0.6324039250666668	0.6305029878
14	14	77	2	37	Med	2	Simple	1	Wrong	0.0	0.797964749	0.7497535471333334
14	14	78	2	38	Med	2	Average	3	Right	1.0	0.6667932018666667	0.6539608617333333
14	14	79	2	39	Med	2	Complex	5	Right	1.0	0.5317691517333333	0.5309034109333334
14	14	80	2	40	Med	2	Average	3	Right	1.0	0.680412385	0.6791996091333333
14	14	81	3	1	High	3	Relatively Simple	2	Wrong	0.0	0.7745330496666667	0.7737388906666668
14	14	82	3	2	High	3	Relatively Simple	2	Right	1.0	0.7513415578666667	0.7510262619999999
14	14	83	3	3	High	3	Relatively Simple	2	Right	1.0	0.7294478771999998	0.7291646509333334
14	14	84	3	4	High	3	Simple	1	Right	1.0	0.7938445178000001	0.7934937588000001
14	14	85	3	5	High	3	Complex	5	Wrong	0.0	0.5410314211999999	0.5310894837999999
14	14	86	3	6	High	3	Relatively Simple	2	Right	1.0	0.7424951323333334	0.7325103156666666
14	14	87	3	7	High	3	Relatively Complex	4	Right	1.0	0.6405341180666667	0.6381295020666666
14	14	88	3	8	High	3	Relatively Simple	2	Right	1.0	0.7279822774666668	0.7265700294666667
14	14	89	3	9	High	3	Relatively Complex	4	Right	1.0	0.6080584162	0.6075778665999999
14	14	90	3	10	High	3	Relatively Complex	4	Right	1.0	0.6201594299333333	0.619892078
14	14	91	3	11	High	3	Relatively Complex	4	Right	1.0	0.6082238241333333	0.6080270197333334
14	14	92	3	12	High	3	Relatively Simple	2	Right	1.0	0.7546246280666665	0.7542630249999999
14	14	93	3	13	High	3	Complex	5	Right	1.0	0.5597284447333333	0.5596359875333333
14	14	94	3	14	High	3	Simple	1	Right	1.0	0.8110387199333333	0.8106657956
14	14	95	3	15	High	3	Average	3	Right	1.0	0.6857384096	0.6854686348666666
14	14	96	3	16	High	3	Simple	1	Right	1.0	0.8070019128	0.8066339998666666
14	14	97	3	17	High	3	Relatively Complex	4	Wrong	0.0	0.593062627	0.5707697658
14	14	98	3	18	High	3	Average	3	Right	1.0	0.6720944017333333	0.663078434
14	14	99	3	19	High	3	Complex	5	Right	1.0	0.5336614292666667	0.5335700278000001
14	14	100	3	20	High	3	Complex	5	Right	1.0	0.5291673814666666	0.5290432133333334
14	14	101	3	21	High	3	Simple	1	Right	1.0	0.794840015	0.7943037983333333
14	14	102	3	22	High	3	Complex	5	Right	1.0	0.5190801345333333	0.5190937743333333
14	14	103	3	23	High	3	Complex	5	Right	1.0	0.5402349590000001	0.5401750111333333
14	14	104	3	24	High	3	Simple	1	Right	1.0	0.7924531890000001	0.7921125464
14	14	105	3	25	High	3	Average	3	Right	1.0	0.6883087231333334	0.6880372963333334
14	14	106	3	26	High	3	Relatively Simple	2	Right	1.0	0.7214818927333333	0.7211986968
14	14	107	3	27	High	3	Average	3	Wrong	0.0	0.6769556104	0.6420931705333334
14	14	108	3	28	High	3	Average	3	Wrong	0.0	0.6880749992666666	0.6352280761333332
14	14	109	3	29	High	3	Relatively Complex	4	Wrong	0.0	0.6087838784	0.5746154348666667
14	14	110	3	30	High	3	Relatively Simple	2	Right	1.0	0.7515320214666666	0.7322432983333335
14	14	111	3	31	High	3	Average	3	Right	1.0	0.6776601747333334	0.6710680594
14	14	112	3	32	High	3	Simple	1	Right	1.0	0.7762780944666666	0.7726229611333334
14	14	113	3	33	High	3	Relatively Complex	4	Right	1.0	0.6420737166666667	0.64114145
14	14	114	3	34	High	3	Simple	1	Wrong	0.0	0.8001394245333334	0.7541054491999999
14	14	115	3	35	High	3	Complex	5	Right	1.0	0.5654349900666668	0.5599153865333334
14	14	116	3	36	High	3	Relatively Complex	4	Right	1.0	0.6059397930666667	0.6038430612666666
14	14	117	3	37	High	3	Simple	1	Right	1.0	0.7913719942666666	0.7898460547999999
14	14	118	3	38	High	3	Average	3	Right	1.0	0.6776776840666666	0.6770663267333333
14	14	119	3	39	High	3	Complex	5	Right	1.0	0.5366945387333333	0.5366892807333333
14	14	120	3	40	High	3	Average	3	Right	1.0	0.6907884522	0.6904720337999999
15	15	1	1	1	Low	1	Relatively Simple	2			0.8208733748	0.7299211533333333
15	15	2	1	2	Low	1	Relatively Simple	2	Wrong	0.0	0.7201164740866667	0.6446974126666666
15	15	3	1	3	Low	1	Relatively Simple	2	Right	1.0	0.8181988533333332	0.7813710239333332
15	15	4	1	4	Low	1	Simple	1	Wrong	0.0	0.8723942621999999	0.7691064693333334
15	15	5	1	5	Low	1	Complex	5	Wrong	0.0	0.40733727094	0.44122448919999996
15	15	6	1	6	Low	1	Relatively Simple	2	Right	1.0	0.6705551925600001	0.6623354636866666
15	15	7	1	7	Low	1	Relatively Complex	4	Right	1.0	0.6800554342999999	0.6758399389399999
15	15	8	1	8	Low	1	Relatively Simple	2	Wrong	0.0	0.7947441520666666	0.7403916075333333
15	15	9	1	9	Low	1	Relatively Complex	4	Wrong	0.0	0.6619652130666666	0.6057263693333333
15	15	10	1	10	Low	1	Relatively Complex	4	Wrong	0.0	0.5082960597333334	0.5054824206666667
15	15	11	1	11	Low	1	Relatively Complex	4	Right	1.0	0.43645902605333337	0.4409365291666667
15	15	12	1	12	Low	1	Relatively Simple	2	Right	1.0	0.7938799715333333	0.7902523184
15	15	13	1	13	Low	1	Complex	5	Wrong	0.0	0.3709107561	0.40542746213333336
15	15	14	1	14	Low	1	Simple	1	Right	1.0	0.8578626327266666	0.8502524050666667
15	15	15	1	15	Low	1	Average	3	Right	1.0	0.7718900664	0.7673560092666666
15	15	16	1	16	Low	1	Simple	1	Wrong	0.0	0.8776452244666667	0.7988195452666668
15	15	17	1	17	Low	1	Relatively Complex	4	Right	1.0	0.4861274081733334	0.48765338886000004
15	15	18	1	18	Low	1	Average	3	Wrong	0.0	0.590207767	0.5661982372
15	15	19	1	19	Low	1	Complex	5	Wrong	0.0	0.5399310557333333	0.5253063036666666
15	15	20	1	20	Low	1	Complex	5	Right	1.0	0.3461411695666667	0.35602291795333335
15	15	21	1	21	Low	1	Simple	1	Wrong	0.0	0.8697092553333333	0.8220745874666667
15	15	22	1	22	Low	1	Complex	5	Right	1.0	0.3905561858066667	0.39885405570666665
15	15	23	1	23	Low	1	Complex	5	Wrong	0.0	0.35558215215333333	0.3858081720666666
15	15	24	1	24	Low	1	Simple	1	Wrong	0.0	0.8594206603333333	0.7749160797333333
15	15	25	1	25	Low	1	Average	3	Wrong	0.0	0.59605862042	0.56202455
15	15	26	1	26	Low	1	Relatively Simple	2	Wrong	0.0	0.7805739918	0.6875625673333333
15	15	27	1	27	Low	1	Average	3	Right	1.0	0.742242371	0.7061421289333333
15	15	28	1	28	Low	1	Average	3	Wrong	0.0	0.7255359227200001	0.6550814065333332
15	15	29	1	29	Low	1	Relatively Complex	4	Right	1.0	0.6540281609999999	0.6344768493333334
15	15	30	1	30	Low	1	Relatively Simple	2	Wrong	0.0	0.7112014098866667	0.6544054477333333
15	15	31	1	31	Low	1	Average	3	Right	1.0	0.5536204945933333	0.5482176862
15	15	32	1	32	Low	1	Simple	1	Right	1.0	0.85914555602	0.8515711341266666
15	15	33	1	33	Low	1	Relatively Complex	4	Wrong	0.0	0.4980731596533334	0.49837742953333325
15	15	34	1	34	Low	1	Simple	1	Right	1.0	0.8627535800666667	0.8472050616666666
15	15	35	1	35	Low	1	Complex	5	Wrong	0.0	0.3992667511866666	0.43163421033333327
15	15	36	1	36	Low	1	Relatively Complex	4	Right	1.0	0.6686465911533332	0.6619733903666666
15	15	37	1	37	Low	1	Simple	1	Right	1.0	0.8670528354	0.8625232574
15	15	38	1	38	Low	1	Average	3	Right	1.0	0.5544059226866667	0.5533858761066667
15	15	39	1	39	Low	1	Complex	5	Right	1.0	0.5774148578533334	0.5770579926533334
15	15	40	1	40	Low	1	Average	3	Right	1.0	0.5370918390533334	0.53694636576
15	15	41	2	1	Med	2	Relatively Simple	2	Wrong	0.0	0.8222576074666668	0.8199253267333333
15	15	42	2	2	Med	2	Relatively Simple	2	Right	1.0	0.8039779663333334	0.8034596848666666
15	15	43	2	3	Med	2	Relatively Simple	2	Right	1.0	0.8131158026666667	0.8126374341333333
15	15	44	2	4	Med	2	Simple	1	Wrong	0.0	0.8698697827333333	0.7912004946666666
15	15	45	2	5	Med	2	Complex	5	Wrong	0.0	0.39489343276666666	0.4338337422666667
15	15	46	2	6	Med	2	Relatively Simple	2	Right	1.0	0.8117286959333333	0.8004945004666667
15	15	47	2	7	Med	2	Relatively Complex	4	Right	1.0	0.6625930980333333	0.65918271616
15	15	48	2	8	Med	2	Relatively Simple	2	Right	1.0	0.8121026961333334	0.8096981679333334
15	15	49	2	9	Med	2	Relatively Complex	4	Right	1.0	0.6864205693133334	0.68547620898
15	15	50	2	10	Med	2	Relatively Complex	4	Wrong	0.0	0.6609805290666667	0.6312581644666667
15	15	51	2	11	Med	2	Relatively Complex	4	Wrong	0.0	0.6338577834	0.5893626826
15	15	52	2	12	Med	2	Relatively Simple	2	Wrong	0.0	0.8050207256666667	0.7062399086666665
15	15	53	2	13	Med	2	Complex	5	Wrong	0.0	0.4088480672333334	0.4420673649333333
15	15	54	2	14	Med	2	Simple	1	Right	1.0	0.8628811212666667	0.8495828606
15	15	55	2	15	Med	2	Average	3	Right	1.0	0.7462299549733333	0.7394642482133333
15	15	56	2	16	Med	2	Simple	1	Wrong	0.0	0.8588634955333333	0.7851826458666666
15	15	57	2	17	Med	2	Relatively Complex	4	Right	1.0	0.6337019965333334	0.6158590130666667
15	15	58	2	18	Med	2	Average	3	Right	1.0	0.74075183208	0.7322852898
15	15	59	2	19	Med	2	Complex	5	Right	1.0	0.5813641725066666	0.5801231803333333
15	15	60	2	20	Med	2	Complex	5	Right	1.0	0.5860514206066667	0.5853981109666667
15	15	61	2	21	Med	2	Simple	1	Wrong	0.0	0.8641730974666667	0.8194883684000001
15	15	62	2	22	Med	2	Complex	5	Wrong	0.0	0.40482941139333334	0.4389861960666667
15	15	63	2	23	Med	2	Complex	5	Right	1.0	0.57818539852	0.5739262081533333
15	15	64	2	24	Med	2	Simple	1	Right	1.0	0.8606531604933333	0.85703982716
15	15	65	2	25	Med	2	Average	3	Right	1.0	0.7620990822533334	0.7598658858133334
15	15	66	2	26	Med	2	Relatively Simple	2	Right	1.0	0.8019726397666666	0.8006106373533334
15	15	67	2	27	Med	2	Average	3	Wrong	0.0	0.7339872665800001	0.6754621191333333
15	15	68	2	28	Med	2	Average	3	Wrong	0.0	0.7613106165333333	0.674054216
15	15	69	2	29	Med	2	Relatively Complex	4	Right	1.0	0.6469426923533333	0.6282418235333332
15	15	70	2	30	Med	2	Relatively Simple	2	Right	1.0	0.8220034108666666	0.8114807051333334
15	15	71	2	31	Med	2	Average	3	Right	1.0	0.7587348262133333	0.7537636549399999
15	15	72	2	32	Med	2	Simple	1	Right	1.0	0.8643575437333334	0.8616482691333333
15	15	73	2	33	Med	2	Relatively Complex	4	Wrong	0.0	0.6583594156666667	0.6099743905333334
15	15	74	2	34	Med	2	Simple	1	Wrong	0.0	0.8477397854	0.7446363753333335
15	15	75	2	35	Med	2	Complex	5	Wrong	0.0	0.5840487305400001	0.5531169626666667
15	15	76	2	36	Med	2	Relatively Complex	4	Right	1.0	0.6634612182466667	0.6497059401333334
15	15	77	2	37	Med	2	Simple	1	Right	1.0	0.8638696327666667	0.8552964847133334
15	15	78	2	38	Med	2	Average	3	Right	1.0	0.7557273042666667	0.7514149466666667
15	15	79	2	39	Med	2	Complex	5	Wrong	0.0	0.5836268504266666	0.5609865539333333
15	15	80	2	40	Med	2	Average	3	Right	1.0	0.74216409866	0.7298625417333334
15	15	81	3	1	High	3	Relatively Simple	2	Right	1.0	0.8149376259333333	0.813700286
15	15	82	3	2	High	3	Relatively Simple	2	Right	1.0	0.8245625506	0.8240782654666666
15	15	83	3	3	High	3	Relatively Simple	2	Right	1.0	0.8293687789333334	0.8288550090666668
15	15	84	3	4	High	3	Simple	1	Right	1.0	0.8749531642666667	0.8744845971999999
15	15	85	3	5	High	3	Complex	5	Wrong	0.0	0.5618234037866667	0.5423374746
15	15	86	3	6	High	3	Relatively Simple	2	Right	1.0	0.8158465755999998	0.7998694749333334
15	15	87	3	7	High	3	Relatively Complex	4	Right	1.0	0.652493034	0.6481757025333333
15	15	88	3	8	High	3	Relatively Simple	2	Right	1.0	0.8098363652666666	0.8073912939333333
15	15	89	3	9	High	3	Relatively Complex	4	Right	1.0	0.6698502265666667	0.6687444438066668
15	15	90	3	10	High	3	Relatively Complex	4	Right	1.0	0.6721078454666666	0.6714269498
15	15	91	3	11	High	3	Relatively Complex	4	Right	1.0	0.6687123133999999	0.6682065263333333
15	15	92	3	12	High	3	Relatively Simple	2	Right	1.0	0.7748848208666667	0.7743978786
15	15	93	3	13	High	3	Complex	5	Right	1.0	0.56892902854	0.5687911478666666
15	15	94	3	14	High	3	Simple	1	Right	1.0	0.858784103	0.8583479119333334
15	15	95	3	15	High	3	Average	3	Right	1.0	0.7400453367333334	0.7396089488666666
15	15	96	3	16	High	3	Simple	1	Right	1.0	0.8610136136	0.8605349967333332
15	15	97	3	17	High	3	Relatively Complex	4	Wrong	0.0	0.6628040296666667	0.6141608038666667
15	15	98	3	18	High	3	Average	3	Right	1.0	0.7588494892666667	0.7386805660666668
15	15	99	3	19	High	3	Complex	5	Right	1.0	0.59647817326	0.5932524396666667
15	15	100	3	20	High	3	Complex	5	Right	1.0	0.5977946642666666	0.5966800216
15	15	101	3	21	High	3	Simple	1	Right	1.0	0.8433895974666666	0.8424098329333333
15	15	102	3	22	High	3	Complex	5	Right	1.0	0.5777993469466667	0.57759864054
15	15	103	3	23	High	3	Complex	5	Right	1.0	0.57753496036	0.5772848164466667
15	15	104	3	24	High	3	Simple	1	Right	1.0	0.8694489214666667	0.8689139173333333
15	15	105	3	25	High	3	Average	3	Right	1.0	0.7607762451333334	0.7602885815999999
15	15	106	3	26	High	3	Relatively Simple	2	Right	1.0	0.784611484	0.7841626113066665
15	15	107	3	27	High	3	Average	3	Wrong	0.0	0.7330672872	0.6756263228666666
15	15	108	3	28	High	3	Average	3	Wrong	0.0	0.6241221822066666	0.5817276062
15	15	109	3	29	High	3	Relatively Complex	4	Right	1.0	0.6677917026000001	0.6532153185333334
15	15	110	3	30	High	3	Relatively Simple	2	Right	1.0	0.827257098	0.8189852276666666
15	15	111	3	31	High	3	Average	3	Right	1.0	0.7423295639333333	0.7390394368000001
15	15	112	3	32	High	3	Simple	1	Right	1.0	0.8657791091333333	0.8639214692
15	15	113	3	33	High	3	Relatively Complex	4	Wrong	0.0	0.6400444617466666	0.5987179906733333
15	15	114	3	34	High	3	Simple	1	Right	1.0	0.8477825986666666	0.826417048
15	15	115	3	35	High	3	Complex	5	Right	1.0	0.5950960484333333	0.59052176148
15	15	116	3	36	High	3	Relatively Complex	4	Right	1.0	0.6816796534666666	0.6791323301333333
15	15	117	3	37	High	3	Simple	1	Right	1.0	0.8570393879333333	0.8553942210666667
15	15	118	3	38	High	3	Average	3	Right	1.0	0.7481850392	0.7472342536
15	15	119	3	39	High	3	Complex	5	Right	1.0	0.5897994107866668	0.5895125664399999
15	15	120	3	40	High	3	Average	3	Right	1.0	0.7461903354	0.7456479276666667
16	16	1	1	1	Low	1	Relatively Simple	2			0.9233327726666666	0.7931498500000002
16	16	2	1	2	Low	1	Relatively Simple	2	Wrong	0.0	0.9128244599666667	0.7345727653333333
16	16	3	1	3	Low	1	Relatively Simple	2	Wrong	0.0	0.9136601325333333	0.7366291893333333
16	16	4	1	4	Low	1	Simple	1	Right	1.0	0.9654323817333333	0.8870839827333333
16	16	5	1	5	Low	1	Complex	5	Right	1.0	0.5841676821333334	0.5595801667333334
16	16	6	1	6	Low	1	Relatively Simple	2	Right	1.0	0.9053735370666667	0.8850178268666666
16	16	7	1	7	Low	1	Relatively Complex	4	Right	1.0	0.5745183695466666	0.5707802213866667
16	16	8	1	8	Low	1	Relatively Simple	2	Wrong	0.0	0.8764148054800001	0.8104359467333332
16	16	9	1	9	Low	1	Relatively Complex	4	Wrong	0.0	0.6896966318533333	0.5979758359999999
16	16	10	1	10	Low	1	Relatively Complex	4	Wrong	0.0	0.69632668126	0.5933616386666667
16	16	11	1	11	Low	1	Relatively Complex	4	Right	1.0	0.7198172742666666	0.6883843358666667
16	16	12	1	12	Low	1	Relatively Simple	2	Wrong	0.0	0.9256795896666667	0.80575122
16	16	13	1	13	Low	1	Complex	5	Wrong	0.0	0.5424864150386667	0.5183558686666667
16	16	14	1	14	Low	1	Simple	1	Wrong	0.0	0.96109206	0.7961141813333333
16	16	15	1	15	Low	1	Average	3	Right	1.0	0.8498075349533334	0.7303158646
16	16	16	1	16	Low	1	Simple	1	Right	1.0	0.9638519791333334	0.9179835465999999
16	16	17	1	17	Low	1	Relatively Complex	4	Right	1.0	0.5954076155586666	0.5775321056866667
16	16	18	1	18	Low	1	Average	3	Wrong	0.0	0.7674060382733333	0.6730644292666667
16	16	19	1	19	Low	1	Complex	5	Wrong	0.0	0.4615891042425333	0.47940620729333333
16	16	20	1	20	Low	1	Complex	5	Right	1.0	0.5923896065246667	0.5848998016666666
16	16	21	1	21	Low	1	Simple	1	Right	1.0	0.9600699876666666	0.9540413705333334
16	16	22	1	22	Low	1	Complex	5	Wrong	0.0	0.4609294030058666	0.4784573505333333
16	16	23	1	23	Low	1	Complex	5	Right	1.0	0.5835079318933333	0.57657637486
16	16	24	1	24	Low	1	Simple	1	Right	1.0	0.9496863449999999	0.9447442472666667
16	16	25	1	25	Low	1	Average	3	Right	1.0	0.8616291181333334	0.8544616352666666
16	16	26	1	26	Low	1	Relatively Simple	2	Wrong	0.0	0.9263215026666667	0.8031129180000001
16	16	27	1	27	Low	1	Average	3	Wrong	0.0	0.8581085154666667	0.6896346813333333
16	16	28	1	28	Low	1	Average	3	Wrong	0.0	0.8277272330666667	0.6670823766666668
16	16	29	1	29	Low	1	Relatively Complex	4	Wrong	0.0	0.7313044934666667	0.6097179953333334
16	16	30	1	30	Low	1	Relatively Simple	2	Right	1.0	0.9366100386	0.8893953866
16	16	31	1	31	Low	1	Average	3	Wrong	0.0	0.8554704658	0.694171936
16	16	32	1	32	Low	1	Simple	1	Wrong	0.0	0.9701589098666666	0.8055039513333333
16	16	33	1	33	Low	1	Relatively Complex	4	Right	1.0	0.7276555609533334	0.6353315272000001
16	16	34	1	34	Low	1	Simple	1	Wrong	0.0	0.9734448513333334	0.8158410506666667
16	16	35	1	35	Low	1	Complex	5	Wrong	0.0	0.5341818763533334	0.5150509846666668
16	16	36	1	36	Low	1	Relatively Complex	4	Wrong	0.0	0.70896830044	0.5961015966666666
16	16	37	1	37	Low	1	Simple	1	Wrong	0.0	0.9663658981333333	0.800279364
16	16	38	1	38	Low	1	Average	3	Wrong	0.0	0.8501144138666666	0.6816108153333333
16	16	39	1	39	Low	1	Complex	5	Wrong	0.0	0.5629115526933334	0.5261668186666667
16	16	40	1	40	Low	1	Average	3	Wrong	0.0	0.8279708864599998	0.6646322493333333
16	16	41	2	1	Med	2	Relatively Simple	2	Right	1.0	0.9130439311999999	0.8543883372
16	16	42	2	2	Med	2	Relatively Simple	2	Right	1.0	0.9071254053333334	0.8655583253333333
16	16	43	2	3	Med	2	Relatively Simple	2	Wrong	0.0	0.9215936306666667	0.7578551880000001
16	16	44	2	4	Med	2	Simple	1	Wrong	0.0	0.9676468320000001	0.8078364893333333
16	16	45	2	5	Med	2	Complex	5	Wrong	0.0	0.5650357313733333	0.528388918
16	16	46	2	6	Med	2	Relatively Simple	2	Wrong	0.0	0.9039469199866668	0.7268459693333332
16	16	47	2	7	Med	2	Relatively Complex	4	Right	1.0	0.7088097598666666	0.6413094387999999
16	16	48	2	8	Med	2	Relatively Simple	2	Right	1.0	0.919049406	0.8882086714
16	16	49	2	9	Med	2	Relatively Complex	4	Right	1.0	0.7198690609733335	0.7009486774666667
16	16	50	2	10	Med	2	Relatively Complex	4	Wrong	0.0	0.6949015095466667	0.6285825036666667
16	16	51	2	11	Med	2	Relatively Complex	4	Right	1.0	0.6995374412333333	0.6766575845333334
16	16	52	2	12	Med	2	Relatively Simple	2	Right	1.0	0.9289965806000001	0.9180356393333334
16	16	53	2	13	Med	2	Complex	5	Right	1.0	0.6146761227800001	0.6093872194066666
16	16	54	2	14	Med	2	Simple	1	Right	1.0	0.9626674328666667	0.9595820392
16	16	55	2	15	Med	2	Average	3	Wrong	0.0	0.8379260338666666	0.684287956
16	16	56	2	16	Med	2	Simple	1	Wrong	0.0	0.9539822828666668	0.7939660866666666
16	16	57	2	17	Med	2	Relatively Complex	4	Wrong	0.0	0.7006497803333334	0.5906165126666666
16	16	58	2	18	Med	2	Average	3	Right	1.0	0.8351275102666667	0.7924290103333332
16	16	59	2	19	Med	2	Complex	5	Right	1.0	0.5744054448986667	0.5655723003500001
16	16	60	2	20	Med	2	Complex	5	Right	1.0	0.6069613300666666	0.6027281900066667
16	16	61	2	21	Med	2	Simple	1	Right	1.0	0.9645421532	0.9618946700666666
16	16	62	2	22	Med	2	Complex	5	Wrong	0.0	0.5606535620693333	0.5298146473333334
16	16	63	2	23	Med	2	Complex	5	Wrong	0.0	0.53502410326	0.5167756981333333
16	16	64	2	24	Med	2	Simple	1	Right	1.0	0.9660852493333333	0.9486266586666666
16	16	65	2	25	Med	2	Average	3	Right	1.0	0.8591124837333334	0.8394891692666665
16	16	66	2	26	Med	2	Relatively Simple	2	Right	1.0	0.9222909178000002	0.9106216044000001
16	16	67	2	27	Med	2	Average	3	Right	1.0	0.8529364763333334	0.8419522942
16	16	68	2	28	Med	2	Average	3	Wrong	0.0	0.8178672703866666	0.7104772208666666
16	16	69	2	29	Med	2	Relatively Complex	4	Wrong	0.0	0.7282944789206667	0.613356948
16	16	70	2	30	Med	2	Relatively Simple	2	Wrong	0.0	0.9111345706666666	0.7368788653333334
16	16	71	2	31	Med	2	Average	3	Right	1.0	0.8387955544666666	0.7425102615333333
16	16	72	2	32	Med	2	Simple	1	Right	1.0	0.9644763960000001	0.9254342206666667
16	16	73	2	33	Med	2	Relatively Complex	4	Right	1.0	0.7346968652266667	0.70410807858
16	16	74	2	34	Med	2	Simple	1	Wrong	0.0	0.9704614924	0.8645440593333333
16	16	75	2	35	Med	2	Complex	5	Right	1.0	0.5551780065540001	0.5382492442
16	16	76	2	36	Med	2	Relatively Complex	4	Right	1.0	0.71782013314	0.7023526661333334
16	16	77	2	37	Med	2	Simple	1	Right	1.0	0.96029819422	0.9547123271266668
16	16	78	2	38	Med	2	Average	3	Wrong	0.0	0.8415987252	0.6877489533333333
16	16	79	2	39	Med	2	Complex	5	Wrong	0.0	0.5499889893273333	0.5246422446666666
16	16	80	2	40	Med	2	Average	3	Wrong	0.0	0.8490536346666667	0.6815030253333334
16	16	81	3	1	High	3	Relatively Simple	2	Right	1.0	0.9095422730666667	0.9016119234666666
16	16	82	3	2	High	3	Relatively Simple	2	Right	1.0	0.925299574	0.9214651566666667
16	16	83	3	3	High	3	Relatively Simple	2	Right	1.0	0.9138268286666666	0.912064584
16	16	84	3	4	High	3	Simple	1	Right	1.0	0.9634648613333333	0.9626942786666667
16	16	85	3	5	High	3	Complex	5	Wrong	0.0	0.5589237051933332	0.5284318330666666
16	16	86	3	6	High	3	Relatively Simple	2	Right	1.0	0.90741759	0.8869106672666666
16	16	87	3	7	High	3	Relatively Complex	4	Right	1.0	0.7273628209399999	0.7147271308666667
16	16	88	3	8	High	3	Relatively Simple	2	Right	1.0	0.9281530838666666	0.9212437294
16	16	89	3	9	High	3	Relatively Complex	4	Right	1.0	0.7571166862000002	0.7506153407333334
16	16	90	3	10	High	3	Relatively Complex	4	Right	1.0	0.6969389098533334	0.6933250027066666
16	16	91	3	11	High	3	Relatively Complex	4	Right	1.0	0.7450189589533333	0.7423892666266667
16	16	92	3	12	High	3	Relatively Simple	2	Right	1.0	0.9350585184	0.9332273979333333
16	16	93	3	13	High	3	Complex	5	Right	1.0	0.5844161308133334	0.5836030091733334
16	16	94	3	14	High	3	Simple	1	Right	1.0	0.9600979153333333	0.9591946546666668
16	16	95	3	15	High	3	Average	3	Right	1.0	0.8508173288800002	0.8493085287933333
16	16	96	3	16	High	3	Simple	1	Right	1.0	0.9655613486666667	0.9649295713333332
16	16	97	3	17	High	3	Relatively Complex	4	Wrong	0.0	0.7073401507333332	0.6043190344
16	16	98	3	18	High	3	Average	3	Right	1.0	0.8267956202866666	0.7842748385333334
16	16	99	3	19	High	3	Complex	5	Right	1.0	0.5612924593666667	0.5556828363866667
16	16	100	3	20	High	3	Complex	5	Right	1.0	0.5910871186400001	0.5872826517199999
16	16	101	3	21	High	3	Simple	1	Right	1.0	0.9728848093333333	0.9704671493333333
16	16	102	3	22	High	3	Complex	5	Right	1.0	0.5762251862866666	0.5749600339933334
16	16	103	3	23	High	3	Complex	5	Right	1.0	0.5802490257733334	0.5795669212
16	16	104	3	24	High	3	Simple	1	Right	1.0	0.9545983852000001	0.9537119426666667
16	16	105	3	25	High	3	Average	3	Right	1.0	0.8343101464666667	0.8328168802666666
16	16	106	3	26	High	3	Relatively Simple	2	Right	1.0	0.9192041889333332	0.9179618808000001
16	16	107	3	27	High	3	Average	3	Wrong	0.0	0.8304675293113334	0.6956731826666668
16	16	108	3	28	High	3	Average	3	Wrong	0.0	0.8400171519333334	0.6808944666666666
16	16	109	3	29	High	3	Relatively Complex	4	Wrong	0.0	0.7253028232666666	0.605656234
16	16	110	3	30	High	3	Relatively Simple	2	Right	1.0	0.9207715236666667	0.8767010092666667
16	16	111	3	31	High	3	Average	3	Right	1.0	0.8581678144666666	0.8242163580666667
16	16	112	3	32	High	3	Simple	1	Right	1.0	0.9661841579999999	0.9532774706666666
16	16	113	3	33	High	3	Relatively Complex	4	Right	1.0	0.7002227388	0.6888542220000001
16	16	114	3	34	High	3	Simple	1	Wrong	0.0	0.9552849875999999	0.8802001286666666
16	16	115	3	35	High	3	Complex	5	Right	1.0	0.5776060753866666	0.5603430372
16	16	116	3	36	High	3	Relatively Complex	4	Right	1.0	0.7158508103533334	0.7032776363333334
16	16	117	3	37	High	3	Simple	1	Right	1.0	0.9743232853333333	0.9701211873333334
16	16	118	3	38	High	3	Average	3	Right	1.0	0.8482519937999999	0.8416393258000001
16	16	119	3	39	High	3	Complex	5	Right	1.0	0.582235657426	0.580867513484
16	16	120	3	40	High	3	Average	3	Right	1.0	0.8250031681	0.8227406628533332
17	17	1	1	1	Low	1	Relatively Simple	2			0.7137313306599999	0.6411049672
17	17	2	1	2	Low	1	Relatively Simple	2	Right	1.0	0.8320019206666668	0.7882909538666666
17	17	3	1	3	Low	1	Relatively Simple	2	Wrong	0.0	0.8290325937333334	0.7279270539999999
17	17	4	1	4	Low	1	Simple	1	Wrong	0.0	0.8756548640666667	0.7592854233333334
17	17	5	1	5	Low	1	Complex	5	Wrong	0.0	0.42998914328	0.45520543599999996
17	17	6	1	6	Low	1	Relatively Simple	2	Right	1.0	0.7106106981333333	0.6959677913333334
17	17	7	1	7	Low	1	Relatively Complex	4	Right	1.0	0.6933978222	0.6847502926
17	17	8	1	8	Low	1	Relatively Simple	2	Wrong	0.0	0.71668920828	0.6728622752
17	17	9	1	9	Low	1	Relatively Complex	4	Right	1.0	0.4772310102733333	0.4806694864866667
17	17	10	1	10	Low	1	Relatively Complex	4	Wrong	0.0	0.5083463256599999	0.5071280786
17	17	11	1	11	Low	1	Relatively Complex	4	Wrong	0.0	0.6606177854	0.6118017228
17	17	12	1	12	Low	1	Relatively Simple	2	Wrong	0.0	0.72407807	0.6487578773333333
17	17	13	1	13	Low	1	Complex	5	Wrong	0.0	0.4123894680533333	0.446039874
17	17	14	1	14	Low	1	Simple	1	Wrong	0.0	0.87347712468	0.7588960026666666
17	17	15	1	15	Low	1	Average	3	Wrong	0.0	0.6240433475333332	0.5791502306666666
17	17	16	1	16	Low	1	Simple	1	Wrong	0.0	0.7854497491333333	0.691091058
17	17	17	1	17	Low	1	Relatively Complex	4	Wrong	0.0	0.5444682791866667	0.5272083153333332
17	17	18	1	18	Low	1	Average	3	Wrong	0.0	0.6246648300133333	0.5784048886666666
17	17	19	1	19	Low	1	Complex	5	Wrong	0.0	0.40141461568	0.43753311273333334
17	17	20	1	20	Low	1	Complex	5	Wrong	0.0	0.42964941382666666	0.45613468799999995
17	17	21	1	21	Low	1	Simple	1	Wrong	0.0	0.79498642826	0.7006400853333333
17	17	22	1	22	Low	1	Complex	5	Right	1.0	0.41959463837333333	0.4340497767666667
17	17	23	1	23	Low	1	Complex	5	Right	1.0	0.5787101759066666	0.5751657052
17	17	24	1	24	Low	1	Simple	1	Wrong	0.0	0.8717384212	0.8185290027333334
17	17	25	1	25	Low	1	Average	3	Wrong	0.0	0.6286131693666667	0.5842149782666667
17	17	26	1	26	Low	1	Relatively Simple	2	Wrong	0.0	0.7438648066666667	0.658028218
17	17	27	1	27	Low	1	Average	3	Right	1.0	0.7279363352666667	0.6930934670000001
17	17	28	1	28	Low	1	Average	3	Right	1.0	0.7516050137333333	0.7331310628666666
17	17	29	1	29	Low	1	Relatively Complex	4	Right	1.0	0.5030697896466667	0.5028312499933333
17	17	30	1	30	Low	1	Relatively Simple	2	Right	1.0	0.8236003815999999	0.8197691810666666
17	17	31	1	31	Low	1	Average	3	Right	1.0	0.5849080278333334	0.5841510484466667
17	17	32	1	32	Low	1	Simple	1	Wrong	0.0	0.8598986485466665	0.8173025393333333
17	17	33	1	33	Low	1	Relatively Complex	4	Wrong	0.0	0.5271680686333333	0.517106861
17	17	34	1	34	Low	1	Simple	1	Right	1.0	0.8756513104666667	0.8521052327333334
17	17	35	1	35	Low	1	Complex	5	Right	1.0	0.39891832382000003	0.4049622689733334
17	17	36	1	36	Low	1	Relatively Complex	4	Right	1.0	0.6649257366	0.6621042037333332
17	17	37	1	37	Low	1	Simple	1	Wrong	0.0	0.8622844441999998	0.808977114
17	17	38	1	38	Low	1	Average	3	Right	1.0	0.5974135775733335	0.5860383795333334
17	17	39	1	39	Low	1	Complex	5	Wrong	0.0	0.4034071726733333	0.429122178
17	17	40	1	40	Low	1	Average	3	Wrong	0.0	0.7657961722666666	0.6845391932666667
17	17	41	2	1	Med	2	Relatively Simple	2	Wrong	0.0	0.6977330403333334	0.6783167576666665
17	17	42	2	2	Med	2	Relatively Simple	2	Wrong	0.0	0.7854218412466668	0.707521234
17	17	43	2	3	Med	2	Relatively Simple	2	Right	1.0	0.8111711433333334	0.7722436730666665
17	17	44	2	4	Med	2	Simple	1	Right	1.0	0.8653354786066667	0.8458605295
17	17	45	2	5	Med	2	Complex	5	Right	1.0	0.3660919662266667	0.37238124084666663
17	17	46	2	6	Med	2	Relatively Simple	2	Wrong	0.0	0.8307489019333333	0.7940509568
17	17	47	2	7	Med	2	Relatively Complex	4	Wrong	0.0	0.6649883863333333	0.6090639246666667
17	17	48	2	8	Med	2	Relatively Simple	2	Wrong	0.0	0.8183536284666667	0.7112241626666665
17	17	49	2	9	Med	2	Relatively Complex	4	Wrong	0.0	0.5335156528933332	0.5210543558
17	17	50	2	10	Med	2	Relatively Complex	4	Right	1.0	0.6924415846	0.6731185674666668
17	17	51	2	11	Med	2	Relatively Complex	4	Right	1.0	0.7003548819266667	0.6914346782666666
17	17	52	2	12	Med	2	Relatively Simple	2	Wrong	0.0	0.7386390114666667	0.6837242894000001
17	17	53	2	13	Med	2	Complex	5	Right	1.0	0.59661140534	0.5864521698266667
17	17	54	2	14	Med	2	Simple	1	Right	1.0	0.8717589276666667	0.8614603879999999
17	17	55	2	15	Med	2	Average	3	Right	1.0	0.7693934410000001	0.7630071520666667
17	17	56	2	16	Med	2	Simple	1	Wrong	0.0	0.8613967537333332	0.7882782108666667
17	17	57	2	17	Med	2	Relatively Complex	4	Wrong	0.0	0.5290679751333333	0.5175994898666667
17	17	58	2	18	Med	2	Average	3	Right	1.0	0.7477147491466667	0.7264497461533334
17	17	59	2	19	Med	2	Complex	5	Right	1.0	0.5764094505333333	0.5735819347333333
17	17	60	2	20	Med	2	Complex	5	Right	1.0	0.5956438990666667	0.5939803713999999
17	17	61	2	21	Med	2	Simple	1	Right	1.0	0.8592696946	0.8572440920666667
17	17	62	2	22	Med	2	Complex	5	Wrong	0.0	0.42074193052000003	0.4436749334
17	17	63	2	23	Med	2	Complex	5	Right	1.0	0.6071675790666666	0.6020696608
17	17	64	2	24	Med	2	Simple	1	Right	1.0	0.8591241195333333	0.8540362791333332
17	17	65	2	25	Med	2	Average	3	Right	1.0	0.7579439906666666	0.7543547706666667
17	17	66	2	26	Med	2	Relatively Simple	2	Right	1.0	0.8240235452000001	0.8220047324666666
17	17	67	2	27	Med	2	Average	3	Wrong	0.0	0.6016310540666666	0.5749796842666667
17	17	68	2	28	Med	2	Average	3	Wrong	0.0	0.7581054138133334	0.6758998450666667
17	17	69	2	29	Med	2	Relatively Complex	4	Right	1.0	0.6788053608600001	0.6528827016
17	17	70	2	30	Med	2	Relatively Simple	2	Right	1.0	0.8035560706666667	0.7883757342666667
17	17	71	2	31	Med	2	Average	3	Right	1.0	0.7672136471333334	0.7589441553333334
17	17	72	2	32	Med	2	Simple	1	Wrong	0.0	0.8868154337333333	0.8093043999999999
17	17	73	2	33	Med	2	Relatively Complex	4	Right	1.0	0.6853125503333334	0.6569356808000001
17	17	74	2	34	Med	2	Simple	1	Right	1.0	0.851620584	0.8366427799333334
17	17	75	2	35	Med	2	Complex	5	Right	1.0	0.5991048450666666	0.5950584369999999
17	17	76	2	36	Med	2	Relatively Complex	4	Wrong	0.0	0.52789222098	0.5235388084666667
17	17	77	2	37	Med	2	Simple	1	Wrong	0.0	0.8857406374	0.7934857493333333
17	17	78	2	38	Med	2	Average	3	Right	1.0	0.7500446282666666	0.7074917238666667
17	17	79	2	39	Med	2	Complex	5	Wrong	0.0	0.5702854471533333	0.5451536021333334
17	17	80	2	40	Med	2	Average	3	Right	1.0	0.7523779143333332	0.7312019477333335
17	17	81	3	1	High	3	Relatively Simple	2	Right	1.0	0.8098600255333332	0.8079337961999999
17	17	82	3	2	High	3	Relatively Simple	2	Right	1.0	0.8198932556466666	0.8193690475000001
17	17	83	3	3	High	3	Relatively Simple	2	Right	1.0	0.8257507745333333	0.8252388087333333
17	17	84	3	4	High	3	Simple	1	Wrong	0.0	0.8635592054666666	0.7901954021999998
17	17	85	3	5	High	3	Complex	5	Right	1.0	0.5754279592666666	0.5643693979333334
17	17	86	3	6	High	3	Relatively Simple	2	Right	1.0	0.8145683489333334	0.8044696597333333
17	17	87	3	7	High	3	Relatively Complex	4	Right	1.0	0.6741098114666667	0.6707979929533333
17	17	88	3	8	High	3	Relatively Simple	2	Right	1.0	0.8152893959466666	0.81275399986
17	17	89	3	9	High	3	Relatively Complex	4	Right	1.0	0.7047272894666667	0.7034069482666667
17	17	90	3	10	High	3	Relatively Complex	4	Right	1.0	0.6634186999999999	0.6627290859333334
17	17	91	3	11	High	3	Relatively Complex	4	Right	1.0	0.6596965106866667	0.6591878855400001
17	17	92	3	12	High	3	Relatively Simple	2	Right	1.0	0.8190389427333332	0.8183637973333333
17	17	93	3	13	High	3	Complex	5	Right	1.0	0.6092734963333334	0.6089439695333333
17	17	94	3	14	High	3	Simple	1	Right	1.0	0.8703385642	0.8698074139333333
17	17	95	3	15	High	3	Average	3	Right	1.0	0.7523658540866668	0.7518679648066667
17	17	96	3	16	High	3	Simple	1	Wrong	0.0	0.8663811998000001	0.8050147839999999
17	17	97	3	17	High	3	Relatively Complex	4	Right	1.0	0.68560839016	0.6623538523333333
17	17	98	3	18	High	3	Average	3	Right	1.0	0.74979991528	0.74018737816
17	17	99	3	19	High	3	Complex	5	Right	1.0	0.5830292121266667	0.5808767603533332
17	17	100	3	20	High	3	Complex	5	Right	1.0	0.6160558455333334	0.6150178919333333
17	17	101	3	21	High	3	Simple	1	Right	1.0	0.8665316434666667	0.8656758518666666
17	17	102	3	22	High	3	Complex	5	Right	1.0	0.5922022750866667	0.591843103
17	17	103	3	23	High	3	Complex	5	Right	1.0	0.5846944578866666	0.58449351536
17	17	104	3	24	High	3	Simple	1	Right	1.0	0.857316611	0.8568293472666667
17	17	105	3	25	High	3	Average	3	Right	1.0	0.7222157047333333	0.7217854685333333
17	17	106	3	26	High	3	Relatively Simple	2	Wrong	0.0	0.7997885426	0.7475950228666667
17	17	107	3	27	High	3	Average	3	Wrong	0.0	0.7127651463533334	0.6458909288666667
17	17	108	3	28	High	3	Average	3	Wrong	0.0	0.7335688028666666	0.6534041233333334
17	17	109	3	29	High	3	Relatively Complex	4	Right	1.0	0.6535470204	0.6308073458
17	17	110	3	30	High	3	Relatively Simple	2	Right	1.0	0.8004401371999998	0.7855089984666667
17	17	111	3	31	High	3	Average	3	Right	1.0	0.7181047787466667	0.7111904881400001
17	17	112	3	32	High	3	Simple	1	Right	1.0	0.8670080256	0.8625300795333333
17	17	113	3	33	High	3	Relatively Complex	4	Wrong	0.0	0.5213531717933333	0.5136846112000001
17	17	114	3	34	High	3	Simple	1	Right	1.0	0.8699337527333334	0.8495962146666667
17	17	115	3	35	High	3	Complex	5	Right	1.0	0.590104523	0.5851844792666667
17	17	116	3	36	High	3	Relatively Complex	4	Right	1.0	0.6900571957333334	0.6862614988666667
17	17	117	3	37	High	3	Simple	1	Right	1.0	0.8424941804666667	0.8398724806666666
17	17	118	3	38	High	3	Average	3	Right	1.0	0.7472456993333334	0.7454756356666667
17	17	119	3	39	High	3	Complex	5	Right	1.0	0.5873667687333334	0.5868492628666666
17	17	120	3	40	High	3	Average	3	Wrong	0.0	0.7330888344666667	0.7023908374
18	19	1	1	1	Low	1	Relatively Simple	2			0.7824579446	0.6936937286666666
18	19	2	1	2	Low	1	Relatively Simple	2	Wrong	0.0	0.7876136906000001	0.6954420486666667
18	19	3	1	3	Low	1	Relatively Simple	2	Wrong	0.0	0.7802561183333333	0.689780792
18	19	4	1	4	Low	1	Simple	1	Right	1.0	0.8326094861333333	0.7832379653333333
18	19	5	1	5	Low	1	Complex	5	Wrong	0.0	0.54777672084	0.5319327595333333
18	19	6	1	6	Low	1	Relatively Simple	2	Wrong	0.0	0.7671450202666668	0.6838144166666668
18	19	7	1	7	Low	1	Relatively Complex	4	Right	1.0	0.6449928824	0.6205099028
18	19	8	1	8	Low	1	Relatively Simple	2	Right	1.0	0.6668157249933334	0.6563395862000001
18	19	9	1	9	Low	1	Relatively Complex	4	Wrong	0.0	0.48829832275999996	0.4908690824
18	19	10	1	10	Low	1	Relatively Complex	4	Wrong	0.0	0.5176072883599999	0.5123247597333332
18	19	11	1	11	Low	1	Relatively Complex	4	Wrong	0.0	0.5315224278666667	0.5213298253333334
18	19	12	1	12	Low	1	Relatively Simple	2	Wrong	0.0	0.7149431884666667	0.6464334273333333
18	19	13	1	13	Low	1	Complex	5	Wrong	0.0	0.47123960950666666	0.48106879933333335
18	19	14	1	14	Low	1	Simple	1	Right	1.0	0.7519579826666667	0.7335191466
18	19	15	1	15	Low	1	Average	3	Right	1.0	0.60137777044	0.59730011258
18	19	16	1	16	Low	1	Simple	1	Wrong	0.0	0.754056652	0.7099075208666666
18	19	17	1	17	Low	1	Relatively Complex	4	Right	1.0	0.45721192814	0.4620089169333334
18	19	18	1	18	Low	1	Average	3	Wrong	0.0	0.57465575102	0.5586968254266667
18	19	19	1	19	Low	1	Complex	5	Wrong	0.0	0.5785669892333333	0.5553875923999999
18	19	20	1	20	Low	1	Complex	5	Right	1.0	0.38998213690666667	0.3998416237533333
18	19	21	1	21	Low	1	Simple	1	Wrong	0.0	0.7649483692	0.7197794399999999
18	19	22	1	22	Low	1	Complex	5	Wrong	0.0	0.41322040309999997	0.4411482666
18	19	23	1	23	Low	1	Complex	5	Right	1.0	0.39838659072666666	0.40502564830000004
18	19	24	1	24	Low	1	Simple	1	Wrong	0.0	0.7561737872	0.7199520526666667
18	19	25	1	25	Low	1	Average	3	Right	1.0	0.5644465212666666	0.5583279033333333
18	19	26	1	26	Low	1	Relatively Simple	2	Right	1.0	0.6575893295333333	0.6525522119999999
18	19	27	1	27	Low	1	Average	3	Wrong	0.0	0.7283604304	0.6849159042666667
18	19	28	1	28	Low	1	Average	3	Right	1.0	0.7292877046	0.7109815244666667
18	19	29	1	29	Low	1	Relatively Complex	4	Wrong	0.0	0.6440168786	0.6064728972666668
18	19	30	1	30	Low	1	Relatively Simple	2	Right	1.0	0.7509102528666666	0.7291622736000001
18	19	31	1	31	Low	1	Average	3	Wrong	0.0	0.7155935872	0.6565759029333332
18	19	32	1	32	Low	1	Simple	1	Right	1.0	0.8182232869333332	0.7855696360666666
18	19	33	1	33	Low	1	Relatively Complex	4	Right	1.0	0.6421960370666667	0.6316353476666666
18	19	34	1	34	Low	1	Simple	1	Right	1.0	0.7554390693999999	0.7484179464
18	19	35	1	35	Low	1	Complex	5	Wrong	0.0	0.4418763045066667	0.45460921064666665
18	19	36	1	36	Low	1	Relatively Complex	4	Right	1.0	0.4713971259	0.4733920899933333
18	19	37	1	37	Low	1	Simple	1	Wrong	0.0	0.8493987272	0.8006171204
18	19	38	1	38	Low	1	Average	3	Wrong	0.0	0.7155543721333334	0.6491514756666666
18	19	39	1	39	Low	1	Complex	5	Right	1.0	0.4171317721666667	0.4287891183333333
18	19	40	1	40	Low	1	Average	3	Right	1.0	0.5433480244600001	0.54194331846
18	19	41	2	1	Med	2	Relatively Simple	2	Right	1.0	0.7575305505333333	0.6829072786666667
18	19	42	2	2	Med	2	Relatively Simple	2	Wrong	0.0	0.7644310058666667	0.6791533906666668
18	19	43	2	3	Med	2	Relatively Simple	2	Right	1.0	0.7730137202666666	0.7309233709333333
18	19	44	2	4	Med	2	Simple	1	Right	1.0	0.8331788244666667	0.8089126343999999
18	19	45	2	5	Med	2	Complex	5	Right	1.0	0.5704374955333332	0.5675304690666666
18	19	46	2	6	Med	2	Relatively Simple	2	Right	1.0	0.8003394252666668	0.7943716402666667
18	19	47	2	7	Med	2	Relatively Complex	4	Right	1.0	0.655297905	0.6533429199333334
18	19	48	2	8	Med	2	Relatively Simple	2	Right	1.0	0.7858507323333334	0.78389659
18	19	49	2	9	Med	2	Relatively Complex	4	Right	1.0	0.6404616002666667	0.6400238250666667
18	19	50	2	10	Med	2	Relatively Complex	4	Right	1.0	0.6775479043999999	0.6768450398666666
18	19	51	2	11	Med	2	Relatively Complex	4	Right	1.0	0.6466823198666667	0.6463069702
18	19	52	2	12	Med	2	Relatively Simple	2	Wrong	0.0	0.7823751386	0.7441114905999999
18	19	53	2	13	Med	2	Complex	5	Wrong	0.0	0.5643472943066666	0.543453112
18	19	54	2	14	Med	2	Simple	1	Right	1.0	0.8302954581333334	0.8078480581999999
18	19	55	2	15	Med	2	Average	3	Right	1.0	0.7233811273333334	0.7131129830666668
18	19	56	2	16	Med	2	Simple	1	Wrong	0.0	0.8277838269999999	0.7613717620666666
18	19	57	2	17	Med	2	Relatively Complex	4	Wrong	0.0	0.6340743646	0.5900974264666666
18	19	58	2	18	Med	2	Average	3	Right	1.0	0.7195131032933334	0.6960939075333332
18	19	59	2	19	Med	2	Complex	5	Wrong	0.0	0.5680028075466667	0.5472346650666666
18	19	60	2	20	Med	2	Complex	5	Right	1.0	0.5937579944	0.5840025778666667
18	19	61	2	21	Med	2	Simple	1	Wrong	0.0	0.8242261201333334	0.7596455348666667
18	19	62	2	22	Med	2	Complex	5	Right	1.0	0.5825126501333333	0.5714126167333333
18	19	63	2	23	Med	2	Complex	5	Wrong	0.0	0.5677896712666667	0.5477092266
18	19	64	2	24	Med	2	Simple	1	Right	1.0	0.8287902599999999	0.8064679015333334
18	19	65	2	25	Med	2	Average	3	Right	1.0	0.7183883983333333	0.707336426
18	19	66	2	26	Med	2	Relatively Simple	2	Right	1.0	0.7832827601333333	0.7769856045333334
18	19	67	2	27	Med	2	Average	3	Wrong	0.0	0.7086739020666668	0.6597225793333333
18	19	68	2	28	Med	2	Average	3	Right	1.0	0.7089226837333333	0.6890923104666666
18	19	69	2	29	Med	2	Relatively Complex	4	Right	1.0	0.6646107659333333	0.6565398454
18	19	70	2	30	Med	2	Relatively Simple	2	Right	1.0	0.7823917520666667	0.7776836700666667
18	19	71	2	31	Med	2	Average	3	Right	1.0	0.6948541693333333	0.6926571161333334
18	19	72	2	32	Med	2	Simple	1	Right	1.0	0.8337207651866666	0.8318863140933334
18	19	73	2	33	Med	2	Relatively Complex	4	Right	1.0	0.6565912134	0.6556657711333332
18	19	74	2	34	Med	2	Simple	1	Right	1.0	0.8353020837333333	0.8342854150666668
18	19	75	2	35	Med	2	Complex	5	Wrong	0.0	0.5661699386666667	0.5501618981333333
18	19	76	2	36	Med	2	Relatively Complex	4	Right	1.0	0.6480804764133333	0.6380608623333334
18	19	77	2	37	Med	2	Simple	1	Wrong	0.0	0.8387178148666666	0.7742166599333333
18	19	78	2	38	Med	2	Average	3	Right	1.0	0.726125336	0.6973369136666667
18	19	79	2	39	Med	2	Complex	5	Right	1.0	0.57798309076	0.5732044854666666
18	19	80	2	40	Med	2	Average	3	Right	1.0	0.7283766308666667	0.7238856496666667
18	19	81	3	1	High	3	Relatively Simple	2	Wrong	0.0	0.7887417151333334	0.774677499
18	19	82	3	2	High	3	Relatively Simple	2	Right	1.0	0.7713204544666666	0.7662474104666668
18	19	83	3	3	High	3	Relatively Simple	2	Right	1.0	0.7675951648666667	0.7659398622666668
18	19	84	3	4	High	3	Simple	1	Right	1.0	0.8526091735333333	0.8517704152
18	19	85	3	5	High	3	Complex	5	Right	1.0	0.5848181692000001	0.5846226660666667
18	19	86	3	6	High	3	Relatively Simple	2	Right	1.0	0.7766816099333332	0.7762620619333332
18	19	87	3	7	High	3	Relatively Complex	4	Right	1.0	0.6623633637333334	0.6620808585333333
18	19	88	3	8	High	3	Relatively Simple	2	Right	1.0	0.8015123468	0.8011010775999999
18	19	89	3	9	High	3	Relatively Complex	4	Right	1.0	0.6662164249333333	0.6659391508
18	19	90	3	10	High	3	Relatively Complex	4	Right	1.0	0.6743705034	0.6740884459333333
18	19	91	3	11	High	3	Relatively Complex	4	Right	1.0	0.6520212862666667	0.6517647334
18	19	92	3	12	High	3	Relatively Simple	2	Wrong	0.0	0.7838899538666667	0.7455238688666667
18	19	93	3	13	High	3	Complex	5	Right	1.0	0.5593040977333333	0.5563420564
18	19	94	3	14	High	3	Simple	1	Right	1.0	0.8361628871466668	0.8318935679466667
18	19	95	3	15	High	3	Average	3	Right	1.0	0.7045143674666666	0.7025733794666666
18	19	96	3	16	High	3	Simple	1	Wrong	0.0	0.8245763797333333	0.7740074699999999
18	19	97	3	17	High	3	Relatively Complex	4	Right	1.0	0.6541123937333333	0.6382976482666667
18	19	98	3	18	High	3	Average	3	Right	1.0	0.7252615606666666	0.7185400506
18	19	99	3	19	High	3	Complex	5	Right	1.0	0.5779378852	0.5768737158666667
18	19	100	3	20	High	3	Complex	5	Right	1.0	0.5605681918	0.5599726688666666
18	19	101	3	21	High	3	Simple	1	Right	1.0	0.8248958849333333	0.8241363688666667
18	19	102	3	22	High	3	Complex	5	Right	1.0	0.5859798580800001	0.5857435840399999
18	19	103	3	23	High	3	Complex	5	Wrong	0.0	0.5505174110266666	0.5433737695333334
18	19	104	3	24	High	3	Simple	1	Right	1.0	0.8106593234266667	0.8045171749933333
18	19	105	3	25	High	3	Average	3	Right	1.0	0.7302307429066667	0.7272327368066667
18	19	106	3	26	High	3	Relatively Simple	2	Right	1.0	0.7876381121333332	0.7861072484666667
18	19	107	3	27	High	3	Average	3	Right	1.0	0.7009354034666667	0.7002604147333334
18	19	108	3	28	High	3	Average	3	Right	1.0	0.7160460218	0.7156134298666667
18	19	109	3	29	High	3	Relatively Complex	4	Right	1.0	0.6357251766533333	0.6354012840266666
18	19	110	3	30	High	3	Relatively Simple	2	Right	1.0	0.7805810582	0.780161174
18	19	111	3	31	High	3	Average	3	Right	1.0	0.7249652110666668	0.7245932871999999
18	19	112	3	32	High	3	Simple	1	Right	1.0	0.8270460291333332	0.8266368056666668
18	19	113	3	33	High	3	Relatively Complex	4	Right	1.0	0.6508849917333334	0.6506246454666667
18	19	114	3	34	High	3	Simple	1	Right	1.0	0.8450860849333334	0.8446544106
18	19	115	3	35	High	3	Complex	5	Wrong	0.0	0.5666570621333333	0.549827285
18	19	116	3	36	High	3	Relatively Complex	4	Right	1.0	0.6253542341333334	0.6172977228
18	19	117	3	37	High	3	Simple	1	Right	1.0	0.8323013244666667	0.8260689909333333
18	19	118	3	38	High	3	Average	3	Right	1.0	0.7370922290666666	0.7340282037333333
18	19	119	3	39	High	3	Complex	5	Right	1.0	0.5461268059333334	0.5458941286666666
18	19	120	3	40	High	3	Average	3	Right	1.0	0.7276429871333333	0.7268457003333334
19	21	1	1	1	Low	1	Relatively Simple	2			0.7305748391333333	0.6891561454666668
19	21	2	1	2	Low	1	Relatively Simple	2	Wrong	0.0	0.7423773479333334	0.6599230548
19	21	3	1	3	Low	1	Relatively Simple	2	Right	1.0	0.7164723140000001	0.6887010136666666
19	21	4	1	4	Low	1	Simple	1	Wrong	0.0	0.8654362018666667	0.7649613946666666
19	21	5	1	5	Low	1	Complex	5	Wrong	0.0	0.45951899009333336	0.4704556416666667
19	21	6	1	6	Low	1	Relatively Simple	2	Wrong	0.0	0.7619404562666666	0.6720188506666668
19	21	7	1	7	Low	1	Relatively Complex	4	Right	1.0	0.5444336589333333	0.5343866546666667
19	21	8	1	8	Low	1	Relatively Simple	2	Wrong	0.0	0.7175712037333334	0.6518076692666667
19	21	9	1	9	Low	1	Relatively Complex	4	Right	1.0	0.5234625160666667	0.5169234211333333
19	21	10	1	10	Low	1	Relatively Complex	4	Wrong	0.0	0.5535805124666667	0.5321692368000001
19	21	11	1	11	Low	1	Relatively Complex	4	Wrong	0.0	0.5327773729999999	0.5168226668
19	21	12	1	12	Low	1	Relatively Simple	2	Wrong	0.0	0.7153188421866666	0.6404288166666667
19	21	13	1	13	Low	1	Complex	5	Right	1.0	0.4364919382666666	0.4423457619333333
19	21	14	1	14	Low	1	Simple	1	Wrong	0.0	0.8553167938666667	0.7728843915333332
19	21	15	1	15	Low	1	Average	3	Right	1.0	0.6314144427333334	0.6083272875333333
19	21	16	1	16	Low	1	Simple	1	Wrong	0.0	0.8655091461333333	0.7688023133333334
19	21	17	1	17	Low	1	Relatively Complex	4	Wrong	0.0	0.5814618851733333	0.5493630686666666
19	21	18	1	18	Low	1	Average	3	Wrong	0.0	0.6469075460133333	0.5922086346666667
19	21	19	1	19	Low	1	Complex	5	Wrong	0.0	0.5412599889999999	0.5265408626666667
19	21	20	1	20	Low	1	Complex	5	Right	1.0	0.4393018857333333	0.4433573228666667
19	21	21	1	21	Low	1	Simple	1	Right	1.0	0.8560424332666666	0.8521990686
19	21	22	1	22	Low	1	Complex	5	Wrong	0.0	0.44989507746666674	0.4614787256
19	21	23	1	23	Low	1	Complex	5	Right	1.0	0.44575401638	0.44757791722
19	21	24	1	24	Low	1	Simple	1	Right	1.0	0.8600585628666666	0.8573285604666667
19	21	25	1	25	Low	1	Average	3	Wrong	0.0	0.6419663992000001	0.5934278382666667
19	21	26	1	26	Low	1	Relatively Simple	2	Right	1.0	0.8169653098666666	0.7946200881333333
19	21	27	1	27	Low	1	Average	3	Wrong	0.0	0.6373469293333334	0.5881109907333334
19	21	28	1	28	Low	1	Average	3	Right	1.0	0.6217760863333334	0.6087527029333334
19	21	29	1	29	Low	1	Relatively Complex	4	Right	1.0	0.6741059930666667	0.6694798469333333
19	21	30	1	30	Low	1	Relatively Simple	2	Wrong	0.0	0.7315299172066666	0.6807669049333334
19	21	31	1	31	Low	1	Average	3	Right	1.0	0.6199593698	0.6092409977333334
19	21	32	1	32	Low	1	Simple	1	Wrong	0.0	0.8578796146	0.7723373254
19	21	33	1	33	Low	1	Relatively Complex	4	Wrong	0.0	0.5454914712	0.5261032152666667
19	21	34	1	34	Low	1	Simple	1	Right	1.0	0.8900006048	0.8751732097333332
19	21	35	1	35	Low	1	Complex	5	Right	1.0	0.4316295807333333	0.43370370593333335
19	21	36	1	36	Low	1	Relatively Complex	4	Right	1.0	0.517991568	0.5173661377333333
19	21	37	1	37	Low	1	Simple	1	Right	1.0	0.8711850531333334	0.8697870778666666
19	21	38	1	38	Low	1	Average	3	Right	1.0	0.7415745560000001	0.7406610208666665
19	21	39	1	39	Low	1	Complex	5	Wrong	0.0	0.4377047270266667	0.4503136942666666
19	21	40	1	40	Low	1	Average	3	Wrong	0.0	0.7369021951333333	0.6638598083333332
19	21	41	2	1	Med	2	Relatively Simple	2	Wrong	0.0	0.7895066623333333	0.7805766011333333
19	21	42	2	2	Med	2	Relatively Simple	2	Wrong	0.0	0.7310014618666667	0.6616821950666666
19	21	43	2	3	Med	2	Relatively Simple	2	Right	1.0	0.8034883288	0.7762869530000001
19	21	44	2	4	Med	2	Simple	1	Right	1.0	0.8514918517333333	0.8400657015333334
19	21	45	2	5	Med	2	Complex	5	Right	1.0	0.5608655232666667	0.5597049366
19	21	46	2	6	Med	2	Relatively Simple	2	Right	1.0	0.8071326611333335	0.8056806688
19	21	47	2	7	Med	2	Relatively Complex	4	Wrong	0.0	0.6421954759333334	0.6017259746
19	21	48	2	8	Med	2	Relatively Simple	2	Wrong	0.0	0.7957920818666667	0.7026632038666666
19	21	49	2	9	Med	2	Relatively Complex	4	Wrong	0.0	0.5626680401733334	0.5370107093333334
19	21	50	2	10	Med	2	Relatively Complex	4	Right	1.0	0.6572977869333333	0.6464375726666667
19	21	51	2	11	Med	2	Relatively Complex	4	Right	1.0	0.6654419967333333	0.6617743006666666
19	21	52	2	12	Med	2	Relatively Simple	2	Right	1.0	0.7971791884666667	0.7946801125333334
19	21	53	2	13	Med	2	Complex	5	Wrong	0.0	0.5611731252666666	0.5451115913333333
19	21	54	2	14	Med	2	Simple	1	Right	1.0	0.8680748994000002	0.8561309186666667
19	21	55	2	15	Med	2	Average	3	Right	1.0	0.7338477628	0.7289044052666668
19	21	56	2	16	Med	2	Simple	1	Right	1.0	0.84487528362	0.8429609937666666
19	21	57	2	17	Med	2	Relatively Complex	4	Right	1.0	0.6456441127333333	0.6446595217333334
19	21	58	2	18	Med	2	Average	3	Wrong	0.0	0.7357406733333334	0.6943355001999999
19	21	59	2	19	Med	2	Complex	5	Wrong	0.0	0.43549906459999993	0.45590353526666666
19	21	60	2	20	Med	2	Complex	5	Right	1.0	0.5571295295066667	0.5551691133266666
19	21	61	2	21	Med	2	Simple	1	Right	1.0	0.8740670507333332	0.8722596174
19	21	62	2	22	Med	2	Complex	5	Right	1.0	0.5837366144666666	0.5831503378666666
19	21	63	2	23	Med	2	Complex	5	Right	1.0	0.5646222168	0.5643624847333333
19	21	64	2	24	Med	2	Simple	1	Wrong	0.0	0.8418191966666666	0.8039352287333333
19	21	65	2	25	Med	2	Average	3	Wrong	0.0	0.7263291284000001	0.6503900660666667
19	21	66	2	26	Med	2	Relatively Simple	2	Right	1.0	0.8063872890666667	0.7784226324
19	21	67	2	27	Med	2	Average	3	Right	1.0	0.7329679326666666	0.7225858597333333
19	21	68	2	28	Med	2	Average	3	Right	1.0	0.7422682499333334	0.7376390787333333
19	21	69	2	29	Med	2	Relatively Complex	4	Right	1.0	0.6393251442666666	0.6380323357333333
19	21	70	2	30	Med	2	Relatively Simple	2	Wrong	0.0	0.8014360821333334	0.7526051269999999
19	21	71	2	31	Med	2	Average	3	Wrong	0.0	0.6342840251866666	0.5856189882666666
19	21	72	2	32	Med	2	Simple	1	Right	1.0	0.8546196764	0.8327528423333334
19	21	73	2	33	Med	2	Relatively Complex	4	Right	1.0	0.6527656078533334	0.6455632647333334
19	21	74	2	34	Med	2	Simple	1	Right	1.0	0.8458874485333334	0.8418311425999999
19	21	75	2	35	Med	2	Complex	5	Wrong	0.0	0.5527283034	0.5382071911333334
19	21	76	2	36	Med	2	Relatively Complex	4	Right	1.0	0.6647050625333333	0.6555160527333334
19	21	77	2	37	Med	2	Simple	1	Right	1.0	0.8897006089333334	0.8862667766
19	21	78	2	38	Med	2	Average	3	Right	1.0	0.7296547316	0.7270001172666666
19	21	79	2	39	Med	2	Complex	5	Wrong	0.0	0.43361101602	0.4464586038
19	21	80	2	40	Med	2	Average	3	Wrong	0.0	0.7247997270666667	0.6530349866666668
19	21	81	3	1	High	3	Relatively Simple	2	Right	1.0	0.7899281744	0.7887939621333334
19	21	82	3	2	High	3	Relatively Simple	2	Right	1.0	0.8323469782666667	0.8319662930666668
19	21	83	3	3	High	3	Relatively Simple	2	Right	1.0	0.7913404970666665	0.7908656259333333
19	21	84	3	4	High	3	Simple	1	Wrong	0.0	0.8504720168	0.7733899200000001
19	21	85	3	5	High	3	Complex	5	Right	1.0	0.5734668592	0.5647144256
19	21	86	3	6	High	3	Relatively Simple	2	Right	1.0	0.8134501970666667	0.8088640857333335
19	21	87	3	7	High	3	Relatively Complex	4	Right	1.0	0.6630916028	0.6617860382666666
19	21	88	3	8	High	3	Relatively Simple	2	Right	1.0	0.8054314328	0.8047569546666667
19	21	89	3	9	High	3	Relatively Complex	4	Right	1.0	0.6541155496000001	0.6537110189333333
19	21	90	3	10	High	3	Relatively Complex	4	Right	1.0	0.7460291608666667	0.7456445171333334
19	21	91	3	11	High	3	Relatively Complex	4	Right	1.0	0.6464177448	0.6461222368666667
19	21	92	3	12	High	3	Relatively Simple	2	Right	1.0	0.7917677606666667	0.7912861149333333
19	21	93	3	13	High	3	Complex	5	Right	1.0	0.5507987434666667	0.5506946926666667
19	21	94	3	14	High	3	Simple	1	Right	1.0	0.8777168444000001	0.8773213717333334
19	21	95	3	15	High	3	Average	3	Right	1.0	0.7341904479333333	0.7337480166666666
19	21	96	3	16	High	3	Simple	1	Wrong	0.0	0.8511157852000001	0.7856154538000001
19	21	97	3	17	High	3	Relatively Complex	4	Right	1.0	0.6702248274000001	0.6540466820666667
19	21	98	3	18	High	3	Average	3	Right	1.0	0.7424611847333334	0.7380452744666668
19	21	99	3	19	High	3	Complex	5	Right	1.0	0.5873012176666667	0.5865231452
19	21	100	3	20	High	3	Complex	5	Right	1.0	0.5609386859333333	0.5607778446
19	21	101	3	21	High	3	Simple	1	Right	1.0	0.8614094059999999	0.8608645932666668
19	21	102	3	22	High	3	Complex	5	Right	1.0	0.5636268818666667	0.5635019318666666
19	21	103	3	23	High	3	Complex	5	Right	1.0	0.5931791273333333	0.5930131882
19	21	104	3	24	High	3	Simple	1	Right	1.0	0.8280861239333334	0.8276088882666667
19	21	105	3	25	High	3	Average	3	Right	1.0	0.7265369940666666	0.7261107036666666
19	21	106	3	26	High	3	Relatively Simple	2	Wrong	0.0	0.8020365792666667	0.7439593324666666
19	21	107	3	27	High	3	Average	3	Wrong	0.0	0.7179496939333333	0.6439229112000001
19	21	108	3	28	High	3	Average	3	Wrong	0.0	0.7251816008666667	0.6471398453333334
19	21	109	3	29	High	3	Relatively Complex	4	Right	1.0	0.6541539956	0.6367033598
19	21	110	3	30	High	3	Relatively Simple	2	Right	1.0	0.6605125728933333	0.6556019719333332
19	21	111	3	31	High	3	Average	3	Right	1.0	0.7368241277066666	0.7336594364666666
19	21	112	3	32	High	3	Simple	1	Wrong	0.0	0.8500785563400001	0.7786884085333333
19	21	113	3	33	High	3	Relatively Complex	4	Right	1.0	0.6557564292000001	0.6374995356000001
19	21	114	3	34	High	3	Simple	1	Right	1.0	0.8666919312666667	0.8594008559333334
19	21	115	3	35	High	3	Complex	5	Right	1.0	0.5588039044666666	0.5579147802000001
19	21	116	3	36	High	3	Relatively Complex	4	Right	1.0	0.6772105664666667	0.6761228184
19	21	117	3	37	High	3	Simple	1	Right	1.0	0.8496529561999999	0.8488378032666667
19	21	118	3	38	High	3	Average	3	Right	1.0	0.7359514531333332	0.7353480072666666
19	21	119	3	39	High	3	Complex	5	Right	1.0	0.5740226197333334	0.5738627212666667
19	21	120	3	40	High	3	Average	3	Wrong	0.0	0.63308017178	0.6172496046666667
20	22	1	1	1	Low	1	Relatively Simple	2			0.8692390583266666	0.7041769406666667
20	22	2	1	2	Low	1	Relatively Simple	2	Wrong	0.0	0.8802015036	0.706330332
20	22	3	1	3	Low	1	Relatively Simple	2	Wrong	0.0	0.8799541187333334	0.7071425106666666
20	22	4	1	4	Low	1	Simple	1	Right	1.0	0.9651224433333333	0.9104262086666667
20	22	5	1	5	Low	1	Complex	5	Right	1.0	0.414260724028	0.42864563172266673
20	22	6	1	6	Low	1	Relatively Simple	2	Wrong	0.0	0.9204099196666666	0.8191568086666666
20	22	7	1	7	Low	1	Relatively Complex	4	Wrong	0.0	0.6634795878546667	0.5788562453333334
20	22	8	1	8	Low	1	Relatively Simple	2	Right	1.0	0.9385335060000001	0.9153789853333333
20	22	9	1	9	Low	1	Relatively Complex	4	Wrong	0.0	0.6380607757466666	0.5700529188666668
20	22	10	1	10	Low	1	Relatively Complex	4	Wrong	0.0	0.6183222019533333	0.5569802466
20	22	11	1	11	Low	1	Relatively Complex	4	Wrong	0.0	0.6822838155933333	0.585118632
20	22	12	1	12	Low	1	Relatively Simple	2	Right	1.0	0.8562053697733334	0.8345867626
20	22	13	1	13	Low	1	Complex	5	Wrong	0.0	0.47775824341533335	0.49142982920000006
20	22	14	1	14	Low	1	Simple	1	Wrong	0.0	0.964530786	0.8184909093333333
20	22	15	1	15	Low	1	Average	3	Wrong	0.0	0.7977953109266666	0.6504605366666666
20	22	16	1	16	Low	1	Simple	1	Wrong	0.0	0.9416965917333333	0.7733417846666667
20	22	17	1	17	Low	1	Relatively Complex	4	Wrong	0.0	0.6746408964	0.5844701186666666
20	22	18	1	18	Low	1	Average	3	Right	1.0	0.7511832247266667	0.7289245635066667
20	22	19	1	19	Low	1	Complex	5	Right	1.0	0.40782700610533335	0.41173849856466666
20	22	20	1	20	Low	1	Complex	5	Right	1.0	0.6437987909333334	0.6421199907333333
20	22	21	1	21	Low	1	Simple	1	Right	1.0	0.9602751726666666	0.9593117173333333
20	22	22	1	22	Low	1	Complex	5	Right	1.0	0.4152027595653333	0.41587587488399996
20	22	23	1	23	Low	1	Complex	5	Wrong	0.0	0.6472581757733333	0.6270208185333334
20	22	24	1	24	Low	1	Simple	1	Wrong	0.0	0.9461577654000001	0.8447300833333333
20	22	25	1	25	Low	1	Average	3	Wrong	0.0	0.77106716594	0.6373662866666667
20	22	26	1	26	Low	1	Relatively Simple	2	Right	1.0	0.9233202133333335	0.8835848793333333
20	22	27	1	27	Low	1	Average	3	Right	1.0	0.849007019	0.8240213598
20	22	28	1	28	Low	1	Average	3	Right	1.0	0.8628744031333332	0.8497745200000001
20	22	29	1	29	Low	1	Relatively Complex	4	Wrong	0.0	0.6223120272799999	0.5712834511333333
20	22	30	1	30	Low	1	Relatively Simple	2	Right	1.0	0.8665235262	0.8500399313333333
20	22	31	1	31	Low	1	Average	3	Wrong	0.0	0.8630910839333334	0.7218219633333334
20	22	32	1	32	Low	1	Simple	1	Wrong	0.0	0.9635681501333333	0.807705776
20	22	33	1	33	Low	1	Relatively Complex	4	Wrong	0.0	0.65383081838	0.5729030166666668
20	22	34	1	34	Low	1	Simple	1	Right	1.0	0.9374188177333332	0.9189504046
20	22	35	1	35	Low	1	Complex	5	Right	1.0	0.4241096324773333	0.429921471146
20	22	36	1	36	Low	1	Relatively Complex	4	Right	1.0	0.7546829459333333	0.7517773974
20	22	37	1	37	Low	1	Simple	1	Right	1.0	0.963666748	0.9622395946666668
20	22	38	1	38	Low	1	Average	3	Wrong	0.0	0.8353555784000001	0.6867524686666666
20	22	39	1	39	Low	1	Complex	5	Right	1.0	0.6486778016533333	0.6174377988666667
20	22	40	1	40	Low	1	Average	3	Wrong	0.0	0.7817274157333335	0.6807744854000001
20	22	41	2	1	Med	2	Relatively Simple	2	Right	1.0	0.8574766228	0.7077912693333334
20	22	42	2	2	Med	2	Relatively Simple	2	Right	1.0	0.9243021124	0.8641748583333334
20	22	43	2	3	Med	2	Relatively Simple	2	Right	1.0	0.9255632773333334	0.8887983704
20	22	44	2	4	Med	2	Simple	1	Right	1.0	0.9501955214	0.9360742685333333
20	22	45	2	5	Med	2	Complex	5	Right	1.0	0.6733557547399999	0.6623800108733334
20	22	46	2	6	Med	2	Relatively Simple	2	Wrong	0.0	0.9202536311333334	0.8229167113333333
20	22	47	2	7	Med	2	Relatively Complex	4	Wrong	0.0	0.62310113974	0.5600830846666667
20	22	48	2	8	Med	2	Relatively Simple	2	Wrong	0.0	0.8807220825160001	0.7098031766666667
20	22	49	2	9	Med	2	Relatively Complex	4	Right	1.0	0.71809955652	0.6700758516666666
20	22	50	2	10	Med	2	Relatively Complex	4	Right	1.0	0.728570779138	0.7128927158786666
20	22	51	2	11	Med	2	Relatively Complex	4	Wrong	0.0	0.73953229006	0.6525352716
20	22	52	2	12	Med	2	Relatively Simple	2	Right	1.0	0.9209739933333333	0.8993028396666668
20	22	53	2	13	Med	2	Complex	5	Right	1.0	0.6212831041666665	0.6138462821333334
20	22	54	2	14	Med	2	Simple	1	Right	1.0	0.9581571208	0.9555414047333334
20	22	55	2	15	Med	2	Average	3	Right	1.0	0.8376590942666667	0.8341992710000001
20	22	56	2	16	Med	2	Simple	1	Wrong	0.0	0.9588347473333333	0.8495836253333334
20	22	57	2	17	Med	2	Relatively Complex	4	Wrong	0.0	0.6141556048	0.5529799360000001
20	22	58	2	18	Med	2	Average	3	Right	1.0	0.8359333666666666	0.8170237211333333
20	22	59	2	19	Med	2	Complex	5	Right	1.0	0.6273644125466666	0.6225119922666665
20	22	60	2	20	Med	2	Complex	5	Right	1.0	0.59535411068	0.5940108264933334
20	22	61	2	21	Med	2	Simple	1	Right	1.0	0.9634082006666667	0.962463942
20	22	62	2	22	Med	2	Complex	5	Wrong	0.0	0.4737198298133333	0.48699532693333336
20	22	63	2	23	Med	2	Complex	5	Right	1.0	0.61456780118	0.6105722391066667
20	22	64	2	24	Med	2	Simple	1	Right	1.0	0.9627035684666666	0.9601970588000001
20	22	65	2	25	Med	2	Average	3	Right	1.0	0.8457688295999999	0.8431445893333334
20	22	66	2	26	Med	2	Relatively Simple	2	Right	1.0	0.9018110100666666	0.9000131685333334
20	22	67	2	27	Med	2	Average	3	Wrong	0.0	0.84626500938	0.7101016979333333
20	22	68	2	28	Med	2	Average	3	Wrong	0.0	0.7969153377666666	0.6506315406666666
20	22	69	2	29	Med	2	Relatively Complex	4	Right	1.0	0.57161348578	0.5578171719533332
20	22	70	2	30	Med	2	Relatively Simple	2	Right	1.0	0.9188990702000001	0.9112782996666665
20	22	71	2	31	Med	2	Average	3	Wrong	0.0	0.7876873803333333	0.6622849906666667
20	22	72	2	32	Med	2	Simple	1	Right	1.0	0.9672771472666667	0.9375322448
20	22	73	2	33	Med	2	Relatively Complex	4	Right	1.0	0.7617905836	0.7357960901333334
20	22	74	2	34	Med	2	Simple	1	Wrong	0.0	0.9540433134933334	0.8327670166666667
20	22	75	2	35	Med	2	Complex	5	Wrong	0.0	0.4215754997413333	0.4634406086666667
20	22	76	2	36	Med	2	Relatively Complex	4	Wrong	0.0	0.6756746598466666	0.5831058266666668
20	22	77	2	37	Med	2	Simple	1	Right	1.0	0.9467170733133333	0.9254806498399999
20	22	78	2	38	Med	2	Average	3	Wrong	0.0	0.7791845112466667	0.6509447786666667
20	22	79	2	39	Med	2	Complex	5	Right	1.0	0.4379467912733333	0.4478538619533334
20	22	80	2	40	Med	2	Average	3	Right	1.0	0.8732328467333333	0.8678814151333333
20	22	81	3	1	High	3	Relatively Simple	2	Right	1.0	0.9217808063333334	0.918189061
20	22	82	3	2	High	3	Relatively Simple	2	Right	1.0	0.9100730817333332	0.9088000940666666
20	22	83	3	3	High	3	Relatively Simple	2	Right	1.0	0.9176717966666667	0.9167098596666667
20	22	84	3	4	High	3	Simple	1	Right	1.0	0.9600423383333334	0.9594198019999999
20	22	85	3	5	High	3	Complex	5	Wrong	0.0	0.55117950788	0.5259001036666667
20	22	86	3	6	High	3	Relatively Simple	2	Right	1.0	0.9434907726666667	0.9314909808666667
20	22	87	3	7	High	3	Relatively Complex	4	Right	1.0	0.72469913	0.7174834136666668
20	22	88	3	8	High	3	Relatively Simple	2	Right	1.0	0.9227352548666667	0.9189213524666666
20	22	89	3	9	High	3	Relatively Complex	4	Right	1.0	0.7425939096666667	0.7396032035333334
20	22	90	3	10	High	3	Relatively Complex	4	Right	1.0	0.7527051373999999	0.7506372467333332
20	22	91	3	11	High	3	Relatively Complex	4	Right	1.0	0.7629226979333333	0.7612196115333334
20	22	92	3	12	High	3	Relatively Simple	2	Right	1.0	0.9130319392	0.9119074729333333
20	22	93	3	13	High	3	Complex	5	Right	1.0	0.6503145816866667	0.64944906792
20	22	94	3	14	High	3	Simple	1	Right	1.0	0.967485296	0.9668423906666667
20	22	95	3	15	High	3	Average	3	Right	1.0	0.8320723301999999	0.8307922038000001
20	22	96	3	16	High	3	Simple	1	Right	1.0	0.965848052	0.9652300573333333
20	22	97	3	17	High	3	Relatively Complex	4	Wrong	0.0	0.7397603072666666	0.6220542473333334
20	22	98	3	18	High	3	Average	3	Right	1.0	0.8437994338	0.8126770860666667
20	22	99	3	19	High	3	Complex	5	Right	1.0	0.6000088848399999	0.5951665585933333
20	22	100	3	20	High	3	Complex	5	Right	1.0	0.6008149152866666	0.5991541160799999
20	22	101	3	21	High	3	Simple	1	Right	1.0	0.963548124	0.9624362666666667
20	22	102	3	22	High	3	Complex	5	Right	1.0	0.6208869083333334	0.6200725429999999
20	22	103	3	23	High	3	Complex	5	Right	1.0	0.6211095293466666	0.6203191014799999
20	22	104	3	24	High	3	Simple	1	Right	1.0	0.9644076657333333	0.9637477296666667
20	22	105	3	25	High	3	Average	3	Right	1.0	0.8587267673933333	0.8574070899666667
20	22	106	3	26	High	3	Relatively Simple	2	Right	1.0	0.9242198030666667	0.9232513873333333
20	22	107	3	27	High	3	Average	3	Wrong	0.0	0.8339201968	0.6941550824
20	22	108	3	28	High	3	Average	3	Wrong	0.0	0.8287261728	0.6749767973333333
20	22	109	3	29	High	3	Relatively Complex	4	Wrong	0.0	0.72264188266	0.6061349113333333
20	22	110	3	30	High	3	Relatively Simple	2	Right	1.0	0.916908835	0.8871552095333333
20	22	111	3	31	High	3	Average	3	Right	1.0	0.85660833864	0.8367475507000001
20	22	112	3	32	High	3	Simple	1	Right	1.0	0.9482688797333333	0.9416897489333333
20	22	113	3	33	High	3	Relatively Complex	4	Right	1.0	0.7523218858666666	0.7458884356666667
20	22	114	3	34	High	3	Simple	1	Wrong	0.0	0.9692610949333332	0.8807337926666667
20	22	115	3	35	High	3	Complex	5	Right	1.0	0.62541661228	0.5948762946666667
20	22	116	3	36	High	3	Relatively Complex	4	Right	1.0	0.7549778327	0.7453364226066667
20	22	117	3	37	High	3	Simple	1	Right	1.0	0.9526073530666667	0.9496125267333334
20	22	118	3	38	High	3	Average	3	Right	1.0	0.8571898079333334	0.8534750439333333
20	22	119	3	39	High	3	Complex	5	Right	1.0	0.6457833527066666	0.6441059774266668
20	22	120	3	40	High	3	Average	3	Right	1.0	0.8439678153866668	0.8423258102933334
21	23	1	1	1	Low	1	Relatively Simple	2			0.85540365786	0.7564057369333334
21	23	2	1	2	Low	1	Relatively Simple	2	Wrong	0.0	0.8770830155333332	0.7149871013333334
21	23	3	1	3	Low	1	Relatively Simple	2	Right	1.0	0.8568393571333334	0.7892920980000001
21	23	4	1	4	Low	1	Simple	1	Right	1.0	0.9482440719333333	0.9180284500666667
21	23	5	1	5	Low	1	Complex	5	Wrong	0.0	0.4799875440178667	0.49061568613333334
21	23	6	1	6	Low	1	Relatively Simple	2	Right	1.0	0.8360467653333332	0.8217840679333334
21	23	7	1	7	Low	1	Relatively Complex	4	Wrong	0.0	0.6099598171493333	0.5660086984666667
21	23	8	1	8	Low	1	Relatively Simple	2	Wrong	0.0	0.8844828936	0.7351010706666666
21	23	9	1	9	Low	1	Relatively Complex	4	Wrong	0.0	0.6857663659800001	0.5943816526666666
21	23	10	1	10	Low	1	Relatively Complex	4	Right	1.0	0.6217446927266667	0.6069471391866667
21	23	11	1	11	Low	1	Relatively Complex	4	Wrong	0.0	0.63075860992	0.5908672783333334
21	23	12	1	12	Low	1	Relatively Simple	2	Wrong	0.0	0.866547947	0.7307906013333333
21	23	13	1	13	Low	1	Complex	5	Wrong	0.0	0.49346480779999996	0.4969819713333334
21	23	14	1	14	Low	1	Simple	1	Wrong	0.0	0.9227930371866667	0.7607312826666667
21	23	15	1	15	Low	1	Average	3	Wrong	0.0	0.7747930411133334	0.6416333013333334
21	23	16	1	16	Low	1	Simple	1	Wrong	0.0	0.9213500998666667	0.7620488826666666
21	23	17	1	17	Low	1	Relatively Complex	4	Wrong	0.0	0.6529650688533333	0.57453044
21	23	18	1	18	Low	1	Average	3	Right	1.0	0.8381893166	0.8093076722666667
21	23	19	1	19	Low	1	Complex	5	Right	1.0	0.6537341054	0.6442438563333334
21	23	20	1	20	Low	1	Complex	5	Right	1.0	0.5988526881733334	0.59691611144
21	23	21	1	21	Low	1	Simple	1	Wrong	0.0	0.9406946414	0.8920801946666667
21	23	22	1	22	Low	1	Complex	5	Wrong	0.0	0.4762796010266667	0.48812647553333327
21	23	23	1	23	Low	1	Complex	5	Wrong	0.0	0.43879284063999996	0.47053896933333333
21	23	24	1	24	Low	1	Simple	1	Right	1.0	0.9548901771333332	0.9448617085333334
21	23	25	1	25	Low	1	Average	3	Right	1.0	0.8138830073333333	0.8056367474
21	23	26	1	26	Low	1	Relatively Simple	2	Right	1.0	0.8805263913333333	0.8755874434
21	23	27	1	27	Low	1	Average	3	Wrong	0.0	0.8410061485333333	0.7158760860000001
21	23	28	1	28	Low	1	Average	3	Right	1.0	0.8684912426666666	0.8160235976666668
21	23	29	1	29	Low	1	Relatively Complex	4	Right	1.0	0.727346694	0.7057690075999999
21	23	30	1	30	Low	1	Relatively Simple	2	Wrong	0.0	0.9139510424666666	0.8033220313333334
21	23	31	1	31	Low	1	Average	3	Wrong	0.0	0.7529558915533334	0.633597462
21	23	32	1	32	Low	1	Simple	1	Wrong	0.0	0.9416772930666667	0.7779649760000001
21	23	33	1	33	Low	1	Relatively Complex	4	Right	1.0	0.5918005346313334	0.5637202212666667
21	23	34	1	34	Low	1	Simple	1	Right	1.0	0.9569565154666666	0.9412289526666666
21	23	35	1	35	Low	1	Complex	5	Wrong	0.0	0.48568458360466665	0.494175446
21	23	36	1	36	Low	1	Relatively Complex	4	Right	1.0	0.7506871272733333	0.7359038591666667
21	23	37	1	37	Low	1	Simple	1	Wrong	0.0	0.92751276448	0.8331206086666668
21	23	38	1	38	Low	1	Average	3	Wrong	0.0	0.8192458239999999	0.6740756046666667
21	23	39	1	39	Low	1	Complex	5	Wrong	0.0	0.4542220564146667	0.4787298166666667
21	23	40	1	40	Low	1	Average	3	Wrong	0.0	0.7676703373999999	0.6387975173333333
21	23	41	2	1	Med	2	Relatively Simple	2	Right	1.0	0.9095115138666667	0.9035847328666667
21	23	42	2	2	Med	2	Relatively Simple	2	Right	1.0	0.9026824059333333	0.9007044547333334
21	23	43	2	3	Med	2	Relatively Simple	2	Right	1.0	0.9037077708000001	0.9026317566
21	23	44	2	4	Med	2	Simple	1	Wrong	0.0	0.9418983468666666	0.8201199526666666
21	23	45	2	5	Med	2	Complex	5	Wrong	0.0	0.4758225193613333	0.48701198266666673
21	23	46	2	6	Med	2	Relatively Simple	2	Right	1.0	0.8999126145333333	0.8852046202
21	23	47	2	7	Med	2	Relatively Complex	4	Right	1.0	0.7437574776	0.7350328906
21	23	48	2	8	Med	2	Relatively Simple	2	Right	1.0	0.9108417950000001	0.9065687532666667
21	23	49	2	9	Med	2	Relatively Complex	4	Right	1.0	0.7292468271333333	0.7265967282
21	23	50	2	10	Med	2	Relatively Complex	4	Wrong	0.0	0.7494217478066666	0.6842057742666667
21	23	51	2	11	Med	2	Relatively Complex	4	Wrong	0.0	0.6210027948666667	0.5677242100000001
21	23	52	2	12	Med	2	Relatively Simple	2	Wrong	0.0	0.8817199020666666	0.7221336866666667
21	23	53	2	13	Med	2	Complex	5	Right	1.0	0.4463987130866667	0.4595521397
21	23	54	2	14	Med	2	Simple	1	Wrong	0.0	0.931725376	0.8166206406666667
21	23	55	2	15	Med	2	Average	3	Right	1.0	0.7359738489	0.6810226269933333
21	23	56	2	16	Med	2	Simple	1	Right	1.0	0.9465839816666667	0.9268310060666667
21	23	57	2	17	Med	2	Relatively Complex	4	Wrong	0.0	0.6306476116066667	0.5695003977333334
21	23	58	2	18	Med	2	Average	3	Wrong	0.0	0.7887095782866668	0.6536287833333333
21	23	59	2	19	Med	2	Complex	5	Right	1.0	0.42038830549933337	0.4340730655466667
21	23	60	2	20	Med	2	Complex	5	Right	1.0	0.40325150775333335	0.40574387624
21	23	61	2	21	Med	2	Simple	1	Wrong	0.0	0.9497562352666667	0.9214276472000001
21	23	62	2	22	Med	2	Complex	5	Right	1.0	0.4208236366253333	0.4274314222133333
21	23	63	2	23	Med	2	Complex	5	Right	1.0	0.6303701242333334	0.6284667474666666
21	23	64	2	24	Med	2	Simple	1	Right	1.0	0.9496300419999999	0.9484443713333333
21	23	65	2	25	Med	2	Average	3	Wrong	0.0	0.8160603508333333	0.6844777405999999
21	23	66	2	26	Med	2	Relatively Simple	2	Wrong	0.0	0.9095944793999999	0.7492964866666667
21	23	67	2	27	Med	2	Average	3	Wrong	0.0	0.7933151578000001	0.6590955533333333
21	23	68	2	28	Med	2	Average	3	Right	1.0	0.73773481812	0.6955017644666667
21	23	69	2	29	Med	2	Relatively Complex	4	Wrong	0.0	0.5885496909666666	0.5510218534
21	23	70	2	30	Med	2	Relatively Simple	2	Right	1.0	0.8999538471999999	0.878143985
21	23	71	2	31	Med	2	Average	3	Right	1.0	0.8518331774	0.8379247105333333
21	23	72	2	32	Med	2	Simple	1	Wrong	0.0	0.9513520638666666	0.8357205526666668
21	23	73	2	33	Med	2	Relatively Complex	4	Wrong	0.0	0.6340916264533334	0.566205876
21	23	74	2	34	Med	2	Simple	1	Right	1.0	0.9476675601999999	0.92438717
21	23	75	2	35	Med	2	Complex	5	Wrong	0.0	0.47773499944400005	0.48825606986666664
21	23	76	2	36	Med	2	Relatively Complex	4	Right	1.0	0.5446655477200001	0.54182724602
21	23	77	2	37	Med	2	Simple	1	Wrong	0.0	0.9474014433333334	0.8909974733333333
21	23	78	2	38	Med	2	Average	3	Right	1.0	0.8349711402	0.7920823484
21	23	79	2	39	Med	2	Complex	5	Right	1.0	0.60827328248	0.5987763306466667
21	23	80	2	40	Med	2	Average	3	Right	1.0	0.8346899899333334	0.8288490426666666
21	23	81	3	1	High	3	Relatively Simple	2	Right	1.0	0.8892926915333333	0.8855150762666666
21	23	82	3	2	High	3	Relatively Simple	2	Right	1.0	0.9192931698	0.9182726022000001
21	23	83	3	3	High	3	Relatively Simple	2	Right	1.0	0.9005223503133334	0.89960888988
21	23	84	3	4	High	3	Simple	1	Right	1.0	0.9438963553333334	0.9432330206666667
21	23	85	3	5	High	3	Complex	5	Wrong	0.0	0.5679316017533335	0.5346899864666667
21	23	86	3	6	High	3	Relatively Simple	2	Right	1.0	0.9060333585333332	0.8877354517333332
21	23	87	3	7	High	3	Relatively Complex	4	Right	1.0	0.7288866396000001	0.7197866417333333
21	23	88	3	8	High	3	Relatively Simple	2	Right	1.0	0.9071266653333333	0.902886534
21	23	89	3	9	High	3	Relatively Complex	4	Right	1.0	0.7376461950666666	0.7346192394666667
21	23	90	3	10	High	3	Relatively Complex	4	Right	1.0	0.7231889927133334	0.72139498212
21	23	91	3	11	High	3	Relatively Complex	4	Right	1.0	0.7485013499866667	0.7470085287466667
21	23	92	3	12	High	3	Relatively Simple	2	Right	1.0	0.9195833974666666	0.9185298176
21	23	93	3	13	High	3	Complex	5	Right	1.0	0.6218471244933333	0.6211530427466667
21	23	94	3	14	High	3	Simple	1	Right	1.0	0.9469247727333333	0.9462090164000001
21	23	95	3	15	High	3	Average	3	Right	1.0	0.8368416732	0.8357150346000001
21	23	96	3	16	High	3	Simple	1	Right	1.0	0.9511423142000001	0.9504479705333333
21	23	97	3	17	High	3	Relatively Complex	4	Wrong	0.0	0.75320857562	0.6372243526666667
21	23	98	3	18	High	3	Average	3	Right	1.0	0.847392641	0.8084799936000001
21	23	99	3	19	High	3	Complex	5	Right	1.0	0.6274609829133334	0.6160240617266667
21	23	100	3	20	High	3	Complex	5	Right	1.0	0.6301491372	0.6262984502
21	23	101	3	21	High	3	Simple	1	Right	1.0	0.9513153614	0.9495551943333332
21	23	102	3	22	High	3	Complex	5	Right	1.0	0.60501987324	0.6041201818666667
21	23	103	3	23	High	3	Complex	5	Right	1.0	0.6310947559466666	0.6304133812133333
21	23	104	3	24	High	3	Simple	1	Right	1.0	0.9561272530666667	0.9554332157333333
21	23	105	3	25	High	3	Average	3	Right	1.0	0.8392346586666667	0.8379950327333333
21	23	106	3	26	High	3	Relatively Simple	2	Right	1.0	0.8997747464	0.8989008934
21	23	107	3	27	High	3	Average	3	Wrong	0.0	0.8201462192000001	0.6984094898
21	23	108	3	28	High	3	Average	3	Wrong	0.0	0.8440504644666667	0.6947235059999999
21	23	109	3	29	High	3	Relatively Complex	4	Wrong	0.0	0.7125923750533333	0.6040519746666667
21	23	110	3	30	High	3	Relatively Simple	2	Right	1.0	0.9035200646666667	0.8675590547333334
21	23	111	3	31	High	3	Average	3	Right	1.0	0.8581991772666667	0.8343966406666666
21	23	112	3	32	High	3	Simple	1	Right	1.0	0.9518233973333334	0.9433329802666667
21	23	113	3	33	High	3	Relatively Complex	4	Right	1.0	0.7370959422866666	0.7284102352266667
21	23	114	3	34	High	3	Simple	1	Wrong	0.0	0.9643365499333333	0.8837994579999999
21	23	115	3	35	High	3	Complex	5	Right	1.0	0.5885320474733334	0.5690887173
21	23	116	3	36	High	3	Relatively Complex	4	Right	1.0	0.77418732656	0.7617980732666666
21	23	117	3	37	High	3	Simple	1	Right	1.0	0.9566723693333333	0.9528955353333334
21	23	118	3	38	High	3	Average	3	Right	1.0	0.8364147651333335	0.8320205023333332
21	23	119	3	39	High	3	Complex	5	Right	1.0	0.6158755206666667	0.6148368452666667
21	23	120	3	40	High	3	Average	3	Right	1.0	0.8645195881333333	0.8628957111333332
22	24	1	1	1	Low	1	Relatively Simple	2			0.9065783434666667	0.8071581893333333
22	24	2	1	2	Low	1	Relatively Simple	2	Wrong	0.0	0.8729865341999999	0.714035318
22	24	3	1	3	Low	1	Relatively Simple	2	Right	1.0	0.8474913185333334	0.7844405921333334
22	24	4	1	4	Low	1	Simple	1	Right	1.0	0.9465716691999999	0.9207019436666668
22	24	5	1	5	Low	1	Complex	5	Wrong	0.0	0.48207895259666667	0.4909489322
22	24	6	1	6	Low	1	Relatively Simple	2	Wrong	0.0	0.8757689640266667	0.7203399706666667
22	24	7	1	7	Low	1	Relatively Complex	4	Right	1.0	0.5407042483153334	0.5308314236493333
22	24	8	1	8	Low	1	Relatively Simple	2	Right	1.0	0.9098394509333335	0.8986299986
22	24	9	1	9	Low	1	Relatively Complex	4	Wrong	0.0	0.6603863194753333	0.5886805692
22	24	10	1	10	Low	1	Relatively Complex	4	Right	1.0	0.7574341954666667	0.7342789432666667
22	24	11	1	11	Low	1	Relatively Complex	4	Right	1.0	0.7652744472666667	0.7554631712000001
22	24	12	1	12	Low	1	Relatively Simple	2	Wrong	0.0	0.8651958651133334	0.7675401846666666
22	24	13	1	13	Low	1	Complex	5	Wrong	0.0	0.45548485069666667	0.47728980000000004
22	24	14	1	14	Low	1	Simple	1	Wrong	0.0	0.9522971333333333	0.7987082313333334
22	24	15	1	15	Low	1	Average	3	Wrong	0.0	0.7446411578666666	0.6280223806666667
22	24	16	1	16	Low	1	Simple	1	Wrong	0.0	0.9369820246666668	0.7787546526666667
22	24	17	1	17	Low	1	Relatively Complex	4	Right	1.0	0.5637877018666666	0.5430100634533334
22	24	18	1	18	Low	1	Average	3	Wrong	0.0	0.7485289066133335	0.6433951456
22	24	19	1	19	Low	1	Complex	5	Wrong	0.0	0.48200015515600003	0.49096679280000005
22	24	20	1	20	Low	1	Complex	5	Wrong	0.0	0.47429376121333333	0.48731778606666665
22	24	21	1	21	Low	1	Simple	1	Right	1.0	0.9579850100000001	0.9474659413333333
22	24	22	1	22	Low	1	Complex	5	Wrong	0.0	0.456430497902	0.4765822813333333
22	24	23	1	23	Low	1	Complex	5	Wrong	0.0	0.481336657576	0.49064888413333335
22	24	24	1	24	Low	1	Simple	1	Right	1.0	0.9447722569333333	0.9320334412666668
22	24	25	1	25	Low	1	Average	3	Right	1.0	0.7506179642726667	0.74182318636
22	24	26	1	26	Low	1	Relatively Simple	2	Wrong	0.0	0.8671133322333332	0.7674187908
22	24	27	1	27	Low	1	Average	3	Right	1.0	0.7175529829133334	0.6872242150666666
22	24	28	1	28	Low	1	Average	3	Right	1.0	0.8373091682666667	0.8230662646666667
22	24	29	1	29	Low	1	Relatively Complex	4	Right	1.0	0.73930945638	0.73287347068
22	24	30	1	30	Low	1	Relatively Simple	2	Right	1.0	0.9026071832666668	0.8996171210666667
22	24	31	1	31	Low	1	Average	3	Right	1.0	0.6805665737733334	0.6790018295333334
22	24	32	1	32	Low	1	Simple	1	Right	1.0	0.9514762615333333	0.9504857970666668
22	24	33	1	33	Low	1	Relatively Complex	4	Right	1.0	0.5377606875	0.5375408930146666
22	24	34	1	34	Low	1	Simple	1	Wrong	0.0	0.9533539842666666	0.9107721444666667
22	24	35	1	35	Low	1	Complex	5	Wrong	0.0	0.49445463142066665	0.4966900130666667
22	24	36	1	36	Low	1	Relatively Complex	4	Right	1.0	0.5460691168733333	0.5431083867266667
22	24	37	1	37	Low	1	Simple	1	Right	1.0	0.9416799099333333	0.9384366237333334
22	24	38	1	38	Low	1	Average	3	Right	1.0	0.8611991801333333	0.8572191322
22	24	39	1	39	Low	1	Complex	5	Wrong	0.0	0.44161417853333335	0.4645502584666666
22	24	40	1	40	Low	1	Average	3	Right	1.0	0.6900331998933332	0.6847191923666666
22	24	41	2	1	Med	2	Relatively Simple	2	Right	1.0	0.9193768944666667	0.816503192
22	24	42	2	2	Med	2	Relatively Simple	2	Right	1.0	0.90255207462	0.8520394050666668
22	24	43	2	3	Med	2	Relatively Simple	2	Right	1.0	0.8997064576000001	0.8705067698666668
22	24	44	2	4	Med	2	Simple	1	Wrong	0.0	0.9531449424000001	0.8145005513333334
22	24	45	2	5	Med	2	Complex	5	Wrong	0.0	0.4614057888446667	0.48165520906666665
22	24	46	2	6	Med	2	Relatively Simple	2	Wrong	0.0	0.9093631381999999	0.7453331146666665
22	24	47	2	7	Med	2	Relatively Complex	4	Right	1.0	0.7249628449573334	0.6662151628666667
22	24	48	2	8	Med	2	Relatively Simple	2	Right	1.0	0.8947001944666666	0.8735564248666666
22	24	49	2	9	Med	2	Relatively Complex	4	Right	1.0	0.7575030909333332	0.7440020296666666
22	24	50	2	10	Med	2	Relatively Complex	4	Wrong	0.0	0.5905902084666667	0.5616113121466667
22	24	51	2	11	Med	2	Relatively Complex	4	Right	1.0	0.7147660056	0.702507039
22	24	52	2	12	Med	2	Relatively Simple	2	Right	1.0	0.8919273022666667	0.8863457832666667
22	24	53	2	13	Med	2	Complex	5	Right	1.0	0.6161840090806666	0.6142803723626667
22	24	54	2	14	Med	2	Simple	1	Wrong	0.0	0.9561643706666666	0.9028209133333333
22	24	55	2	15	Med	2	Average	3	Wrong	0.0	0.7558426942266667	0.6394705586666666
22	24	56	2	16	Med	2	Simple	1	Right	1.0	0.9479280541333334	0.9114391482666666
22	24	57	2	17	Med	2	Relatively Complex	4	Right	1.0	0.7456272690666667	0.7223477364
22	24	58	2	18	Med	2	Average	3	Right	1.0	0.7112580476733333	0.70381346266
22	24	59	2	19	Med	2	Complex	5	Wrong	0.0	0.424146512158	0.450870559
22	24	60	2	20	Med	2	Complex	5	Right	1.0	0.6357596536666666	0.6320200934666668
22	24	61	2	21	Med	2	Simple	1	Right	1.0	0.9441657621333333	0.9421665276666666
22	24	62	2	22	Med	2	Complex	5	Right	1.0	0.6571984782533333	0.65580065184
22	24	63	2	23	Med	2	Complex	5	Right	1.0	0.6189837724266667	0.61803560838
22	24	64	2	24	Med	2	Simple	1	Wrong	0.0	0.9560198961999999	0.9078514506666667
22	24	65	2	25	Med	2	Average	3	Wrong	0.0	0.7562325469466668	0.6386823772
22	24	66	2	26	Med	2	Relatively Simple	2	Right	1.0	0.9000873128666665	0.8595735828
22	24	67	2	27	Med	2	Average	3	Right	1.0	0.8377117951333334	0.8128729812000001
22	24	68	2	28	Med	2	Average	3	Right	1.0	0.8467618206666666	0.8343684058666666
22	24	69	2	29	Med	2	Relatively Complex	4	Wrong	0.0	0.61711861212	0.5685944009333334
22	24	70	2	30	Med	2	Relatively Simple	2	Right	1.0	0.9035104920666667	0.8856884428666666
22	24	71	2	31	Med	2	Average	3	Right	1.0	0.8497853264	0.8375968534666667
22	24	72	2	32	Med	2	Simple	1	Wrong	0.0	0.9310046597333334	0.8181332846666667
22	24	73	2	33	Med	2	Relatively Complex	4	Wrong	0.0	0.6415515261333334	0.5712601973333333
22	24	74	2	34	Med	2	Simple	1	Right	1.0	0.9217497102	0.9009375186666667
22	24	75	2	35	Med	2	Complex	5	Right	1.0	0.39003253211	0.39732921064
22	24	76	2	36	Med	2	Relatively Complex	4	Right	1.0	0.7423944414	0.7394115249333334
22	24	77	2	37	Med	2	Simple	1	Wrong	0.0	0.9513759886	0.8726863799999999
22	24	78	2	38	Med	2	Average	3	Right	1.0	0.8494200514	0.7939761906666667
22	24	79	2	39	Med	2	Complex	5	Right	1.0	0.37698361910066663	0.38707349872933333
22	24	80	2	40	Med	2	Average	3	Right	1.0	0.8251810085333333	0.8222544810666667
22	24	81	3	1	High	3	Relatively Simple	2	Right	1.0	0.8966378493333332	0.8926047568
22	24	82	3	2	High	3	Relatively Simple	2	Right	1.0	0.9102124662	0.9090377686666665
22	24	83	3	3	High	3	Relatively Simple	2	Right	1.0	0.9090491926666666	0.9081286199999999
22	24	84	3	4	High	3	Simple	1	Right	1.0	0.9462341459333334	0.9455965411333334
22	24	85	3	5	High	3	Complex	5	Wrong	0.0	0.5819674666626667	0.5428548215333332
22	24	86	3	6	High	3	Relatively Simple	2	Right	1.0	0.9055165669999999	0.887964733
22	24	87	3	7	High	3	Relatively Complex	4	Right	1.0	0.7471357225999999	0.7370944851333333
22	24	88	3	8	High	3	Relatively Simple	2	Right	1.0	0.907299849	0.9023675320666666
22	24	89	3	9	High	3	Relatively Complex	4	Right	1.0	0.7713600723999999	0.7679133219333334
22	24	90	3	10	High	3	Relatively Complex	4	Right	1.0	0.7514992327333333	0.7492637899333334
22	24	91	3	11	High	3	Relatively Complex	4	Right	1.0	0.7472719521333332	0.7457200677333334
22	24	92	3	12	High	3	Relatively Simple	2	Right	1.0	0.9043933909333334	0.9033422718666667
22	24	93	3	13	High	3	Complex	5	Right	1.0	0.62942163182	0.6287054779266666
22	24	94	3	14	High	3	Simple	1	Right	1.0	0.9406972128	0.9400639928666666
22	24	95	3	15	High	3	Average	3	Right	1.0	0.8470900768666666	0.8460171414666666
22	24	96	3	16	High	3	Simple	1	Right	1.0	0.9568467982666666	0.9562158632666667
22	24	97	3	17	High	3	Relatively Complex	4	Wrong	0.0	0.7294491716666666	0.6232924559999999
22	24	98	3	18	High	3	Average	3	Right	1.0	0.8356572020666667	0.8035359498
22	24	99	3	19	High	3	Complex	5	Right	1.0	0.5959726426533334	0.58932131874
22	24	100	3	20	High	3	Complex	5	Right	1.0	0.6488735274666666	0.6462354098666667
22	24	101	3	21	High	3	Simple	1	Right	1.0	0.9470738771999999	0.9454325263333333
22	24	102	3	22	High	3	Complex	5	Right	1.0	0.6174527905199999	0.6163973870933334
22	24	103	3	23	High	3	Complex	5	Right	1.0	0.6183606621933332	0.6176256505933334
22	24	104	3	24	High	3	Simple	1	Right	1.0	0.9465314373333333	0.9458126913333333
22	24	105	3	25	High	3	Average	3	Right	1.0	0.8316182974	0.8304861875333334
22	24	106	3	26	High	3	Relatively Simple	2	Right	1.0	0.9025405136	0.9015497395333334
22	24	107	3	27	High	3	Average	3	Wrong	0.0	0.8341387942066666	0.7121427493333333
22	24	108	3	28	High	3	Average	3	Wrong	0.0	0.8305464386	0.6818978486666666
22	24	109	3	29	High	3	Relatively Complex	4	Wrong	0.0	0.7375486322933332	0.6212836366666666
22	24	110	3	30	High	3	Relatively Simple	2	Right	1.0	0.9095366496	0.8729462250000001
22	24	111	3	31	High	3	Average	3	Right	1.0	0.8463151391333333	0.8221970071333334
22	24	112	3	32	High	3	Simple	1	Right	1.0	0.9534339940000001	0.9449748693333334
22	24	113	3	33	High	3	Relatively Complex	4	Right	1.0	0.73605602682	0.7284738695133334
22	24	114	3	34	High	3	Simple	1	Wrong	0.0	0.953300052	0.8662853546666667
22	24	115	3	35	High	3	Complex	5	Right	1.0	0.6085815259466667	0.5863861037333333
22	24	116	3	36	High	3	Relatively Complex	4	Right	1.0	0.7450763945866666	0.7346809506533333
22	24	117	3	37	High	3	Simple	1	Right	1.0	0.9534521867333333	0.9499596387333332
22	24	118	3	38	High	3	Average	3	Right	1.0	0.8314684646	0.8277802307333334
22	24	119	3	39	High	3	Complex	5	Right	1.0	0.6378792513066667	0.6360602466
22	24	120	3	40	High	3	Average	3	Right	1.0	0.8440380345333333	0.8422289874666666
23	25	1	1	1	Low	1	Relatively Simple	2			0.8744354023333333	0.7646048753333333
23	25	2	1	2	Low	1	Relatively Simple	2	Right	1.0	0.9088266729333334	0.8513008214666667
23	25	3	1	3	Low	1	Relatively Simple	2	Right	1.0	0.9188578668666666	0.8829927078
23	25	4	1	4	Low	1	Simple	1	Right	1.0	0.9616666874666667	0.945379952
23	25	5	1	5	Low	1	Complex	5	Wrong	0.0	0.475024276212	0.48663374599333337
23	25	6	1	6	Low	1	Relatively Simple	2	Wrong	0.0	0.8664053418000001	0.7050528066666667
23	25	7	1	7	Low	1	Relatively Complex	4	Right	1.0	0.70175247966	0.652874459
23	25	8	1	8	Low	1	Relatively Simple	2	Right	1.0	0.8943828891333333	0.8731023816666666
23	25	9	1	9	Low	1	Relatively Complex	4	Right	1.0	0.7711888154666667	0.7573405091933333
23	25	10	1	10	Low	1	Relatively Complex	4	Wrong	0.0	0.6007057046533334	0.5659944662666666
23	25	11	1	11	Low	1	Relatively Complex	4	Right	1.0	0.5750358042933333	0.5690163864200001
23	25	12	1	12	Low	1	Relatively Simple	2	Wrong	0.0	0.9034196097533332	0.8302329704666667
23	25	13	1	13	Low	1	Complex	5	Right	1.0	0.418115994988	0.4307656997466667
23	25	14	1	14	Low	1	Simple	1	Wrong	0.0	0.9616017070666668	0.8832996358666666
23	25	15	1	15	Low	1	Average	3	Wrong	0.0	0.8275723400666667	0.6752321753333334
23	25	16	1	16	Low	1	Simple	1	Wrong	0.0	0.9440497048	0.7789606666666667
23	25	17	1	17	Low	1	Relatively Complex	4	Wrong	0.0	0.6382188625353332	0.5673521873333333
23	25	18	1	18	Low	1	Average	3	Right	1.0	0.8579588242000001	0.8242580548
23	25	19	1	19	Low	1	Complex	5	Wrong	0.0	0.4325074186158666	0.4610909377333334
23	25	20	1	20	Low	1	Complex	5	Wrong	0.0	0.473527474508	0.48550324393333333
23	25	21	1	21	Low	1	Simple	1	Wrong	0.0	0.9577526316666667	0.80328872
23	25	22	1	22	Low	1	Complex	5	Wrong	0.0	0.46442945578	0.48363803
23	25	23	1	23	Low	1	Complex	5	Right	1.0	0.41762327396000004	0.4223394191466667
23	25	24	1	24	Low	1	Simple	1	Right	1.0	0.9323038785066666	0.9288684785600001
23	25	25	1	25	Low	1	Average	3	Right	1.0	0.7119051596733333	0.7094090921933333
23	25	26	1	26	Low	1	Relatively Simple	2	Right	1.0	0.9111526042000001	0.9089154338666668
23	25	27	1	27	Low	1	Average	3	Right	1.0	0.7504377602333333	0.7488704158933333
23	25	28	1	28	Low	1	Average	3	Wrong	0.0	0.73527814518	0.6716488566733334
23	25	29	1	29	Low	1	Relatively Complex	4	Wrong	0.0	0.7588128520466667	0.6455001473333334
23	25	30	1	30	Low	1	Relatively Simple	2	Right	1.0	0.8671891204	0.8270045906
23	25	31	1	31	Low	1	Average	3	Right	1.0	0.7542814493266666	0.7370001536666667
23	25	32	1	32	Low	1	Simple	1	Wrong	0.0	0.9293978582666668	0.8238099999999999
23	25	33	1	33	Low	1	Relatively Complex	4	Right	1.0	0.7568505785333333	0.6983833366
23	25	34	1	34	Low	1	Simple	1	Wrong	0.0	0.9550351656	0.8255747626666666
23	25	35	1	35	Low	1	Complex	5	Wrong	0.0	0.4799889478533334	0.4905019829333333
23	25	36	1	36	Low	1	Relatively Complex	4	Wrong	0.0	0.7374554245066666	0.6174147433333333
23	25	37	1	37	Low	1	Simple	1	Right	1.0	0.9619021473333333	0.925425434
23	25	38	1	38	Low	1	Average	3	Right	1.0	0.7452646864266667	0.7193773921333334
23	25	39	1	39	Low	1	Complex	5	Right	1.0	0.420504694508	0.42564082382
23	25	40	1	40	Low	1	Average	3	Right	1.0	0.74848563176	0.7455643336866666
23	25	41	2	1	Med	2	Relatively Simple	2	Wrong	0.0	0.9155007366	0.7458470460000001
23	25	42	2	2	Med	2	Relatively Simple	2	Right	1.0	0.9181572194666666	0.8286726183333334
23	25	43	2	3	Med	2	Relatively Simple	2	Right	1.0	0.9011344710666668	0.8469025766000001
23	25	44	2	4	Med	2	Simple	1	Wrong	0.0	0.9565718086666667	0.8129768620000001
23	25	45	2	5	Med	2	Complex	5	Wrong	0.0	0.4887404904506667	0.49431125133333337
23	25	46	2	6	Med	2	Relatively Simple	2	Wrong	0.0	0.9170827328666666	0.7463386733333334
23	25	47	2	7	Med	2	Relatively Complex	4	Right	1.0	0.7722129828666667	0.6926476286666666
23	25	48	2	8	Med	2	Relatively Simple	2	Right	1.0	0.8611967639333334	0.8297003182
23	25	49	2	9	Med	2	Relatively Complex	4	Wrong	0.0	0.73606405086	0.6340532846666668
23	25	50	2	10	Med	2	Relatively Complex	4	Right	1.0	0.74242310134	0.7092462144133332
23	25	51	2	11	Med	2	Relatively Complex	4	Right	1.0	0.7280742034666666	0.7151084580666667
23	25	52	2	12	Med	2	Relatively Simple	2	Right	1.0	0.9112923726600001	0.9044010586
23	25	53	2	13	Med	2	Complex	5	Right	1.0	0.5909647443933334	0.5889795658333333
23	25	54	2	14	Med	2	Simple	1	Wrong	0.0	0.9529799475333333	0.9084515512000001
23	25	55	2	15	Med	2	Average	3	Wrong	0.0	0.7663888961266666	0.6402953006666666
23	25	56	2	16	Med	2	Simple	1	Right	1.0	0.9512832074666666	0.9103142933333332
23	25	57	2	17	Med	2	Relatively Complex	4	Right	1.0	0.75345399518	0.7194791254
23	25	58	2	18	Med	2	Average	3	Right	1.0	0.81706577288	0.8024117236733334
23	25	59	2	19	Med	2	Complex	5	Right	1.0	0.4116568406766667	0.41459328871266665
23	25	60	2	20	Med	2	Complex	5	Wrong	0.0	0.3731206349233333	0.38981818662000006
23	25	61	2	21	Med	2	Simple	1	Right	1.0	0.9516807426000001	0.9479668296666667
23	25	62	2	22	Med	2	Complex	5	Right	1.0	0.40542464398	0.4070376061866667
23	25	63	2	23	Med	2	Complex	5	Wrong	0.0	0.43694961539733335	0.444207516512
23	25	64	2	24	Med	2	Simple	1	Wrong	0.0	0.9609739376	0.8987746453333334
23	25	65	2	25	Med	2	Average	3	Right	1.0	0.7325378148933334	0.6948550287400002
23	25	66	2	26	Med	2	Relatively Simple	2	Right	1.0	0.9117106307333334	0.8964573144
23	25	67	2	27	Med	2	Average	3	Wrong	0.0	0.8257565914666666	0.6940506012
23	25	68	2	28	Med	2	Average	3	Right	1.0	0.8384507680000001	0.7816566961333334
23	25	69	2	29	Med	2	Relatively Complex	4	Right	1.0	0.7190210396	0.6969181833999999
23	25	70	2	30	Med	2	Relatively Simple	2	Right	1.0	0.9090853309333333	0.8992974646
23	25	71	2	31	Med	2	Average	3	Wrong	0.0	0.8654526962000001	0.7218716199333333
23	25	72	2	32	Med	2	Simple	1	Wrong	0.0	0.9574498868666668	0.802474746
23	25	73	2	33	Med	2	Relatively Complex	4	Wrong	0.0	0.6074753224066667	0.5528754893333333
23	25	74	2	34	Med	2	Simple	1	Wrong	0.0	0.9390899602666667	0.7743550506666667
23	25	75	2	35	Med	2	Complex	5	Right	1.0	0.44313273866999997	0.46146785867333334
23	25	76	2	36	Med	2	Relatively Complex	4	Wrong	0.0	0.6976560112666667	0.6084707510666666
23	25	77	2	37	Med	2	Simple	1	Right	1.0	0.9512009016666667	0.9213147780000001
23	25	78	2	38	Med	2	Average	3	Right	1.0	0.8549055674666667	0.8274459658666666
23	25	79	2	39	Med	2	Complex	5	Right	1.0	0.6356487819733334	0.6276984150666667
23	25	80	2	40	Med	2	Average	3	Right	1.0	0.8422885425200001	0.8359966286533335
23	25	81	3	1	High	3	Relatively Simple	2	Right	1.0	0.8779467453606667	0.8731439992266666
23	25	82	3	2	High	3	Relatively Simple	2	Right	1.0	0.9251912654666667	0.9236113532666667
23	25	83	3	3	High	3	Relatively Simple	2	Right	1.0	0.9214790412666667	0.9205152976666667
23	25	84	3	4	High	3	Simple	1	Right	1.0	0.9629898587333333	0.9623974317333334
23	25	85	3	5	High	3	Complex	5	Wrong	0.0	0.5701949536200001	0.5356321918666667
23	25	86	3	6	High	3	Relatively Simple	2	Right	1.0	0.9093675582	0.8870598284
23	25	87	3	7	High	3	Relatively Complex	4	Right	1.0	0.7443758855333334	0.7320313513333333
23	25	88	3	8	High	3	Relatively Simple	2	Right	1.0	0.9266631481333333	0.9209391074000001
23	25	89	3	9	High	3	Relatively Complex	4	Right	1.0	0.7592721615000001	0.7543168726333334
23	25	90	3	10	High	3	Relatively Complex	4	Right	1.0	0.7193555055333333	0.7162568958666666
23	25	91	3	11	High	3	Relatively Complex	4	Right	1.0	0.7515869575333333	0.7498410318666666
23	25	92	3	12	High	3	Relatively Simple	2	Right	1.0	0.9146349786000001	0.9131314266666667
23	25	93	3	13	High	3	Complex	5	Right	1.0	0.6148653682466666	0.6142240316733334
23	25	94	3	14	High	3	Simple	1	Right	1.0	0.9590738929333334	0.958366905
23	25	95	3	15	High	3	Average	3	Right	1.0	0.8510078100266667	0.8496121992200001
23	25	96	3	16	High	3	Simple	1	Right	1.0	0.9441264319533333	0.9433480257400001
23	25	97	3	17	High	3	Relatively Complex	4	Wrong	0.0	0.7349806155333334	0.6235182610666667
23	25	98	3	18	High	3	Average	3	Right	1.0	0.8592999778000001	0.8221366856
23	25	99	3	19	High	3	Complex	5	Right	1.0	0.6223968373600001	0.61209935
23	25	100	3	20	High	3	Complex	5	Right	1.0	0.6470279367599999	0.6432008738733334
23	25	101	3	21	High	3	Simple	1	Right	1.0	0.9594953531333333	0.9576443854
23	25	102	3	22	High	3	Complex	5	Right	1.0	0.62904940118	0.6275704485133333
23	25	103	3	23	High	3	Complex	5	Right	1.0	0.6098337368800001	0.609214032
23	25	104	3	24	High	3	Simple	1	Right	1.0	0.9579712750666666	0.9572181462000001
23	25	105	3	25	High	3	Average	3	Right	1.0	0.8505349277333334	0.8491062046666666
23	25	106	3	26	High	3	Relatively Simple	2	Right	1.0	0.9215033948666668	0.9204401843333333
23	25	107	3	27	High	3	Average	3	Wrong	0.0	0.8229291717533335	0.6939665732666667
23	25	108	3	28	High	3	Average	3	Wrong	0.0	0.8302295926	0.6801173913333333
23	25	109	3	29	High	3	Relatively Complex	4	Wrong	0.0	0.6931906352733334	0.5931265613333333
23	25	110	3	30	High	3	Relatively Simple	2	Right	1.0	0.8983979460666666	0.8635918239999999
23	25	111	3	31	High	3	Average	3	Right	1.0	0.8573924557333333	0.8330725121999999
23	25	112	3	32	High	3	Simple	1	Right	1.0	0.9516035307333333	0.9419794493333334
23	25	113	3	33	High	3	Relatively Complex	4	Right	1.0	0.7261343835399999	0.7178685700199999
23	25	114	3	34	High	3	Simple	1	Wrong	0.0	0.9346891045333333	0.8547806773333333
23	25	115	3	35	High	3	Complex	5	Right	1.0	0.5959109423666666	0.5776300393066666
23	25	116	3	36	High	3	Relatively Complex	4	Right	1.0	0.7468886999333333	0.7349555978000001
23	25	117	3	37	High	3	Simple	1	Right	1.0	0.95120297732	0.9472947933333332
23	25	118	3	38	High	3	Average	3	Right	1.0	0.8718334257999999	0.8669039560000001
23	25	119	3	39	High	3	Complex	5	Right	1.0	0.62675249926	0.6253351429866667
23	25	120	3	40	High	3	Average	3	Right	1.0	0.8678367843333333	0.8659359444
24	26	1	1	1	Low	1	Relatively Simple	2			0.8323609772666667	0.7711884633333334
24	26	2	1	2	Low	1	Relatively Simple	2	Wrong	0.0	0.737816087	0.6539947106666667
24	26	3	1	3	Low	1	Relatively Simple	2	Wrong	0.0	0.8302724331333334	0.7174219953333334
24	26	4	1	4	Low	1	Simple	1	Wrong	0.0	0.8038100359333334	0.7035173353333333
24	26	5	1	5	Low	1	Complex	5	Right	1.0	0.5592442264066667	0.5452177240666667
24	26	6	1	6	Low	1	Relatively Simple	2	Right	1.0	0.7184422289799999	0.7027470821466667
24	26	7	1	7	Low	1	Relatively Complex	4	Wrong	0.0	0.54202529254	0.5302049164
24	26	8	1	8	Low	1	Relatively Simple	2	Right	1.0	0.8393231738466667	0.81381092588
24	26	9	1	9	Low	1	Relatively Complex	4	Wrong	0.0	0.6552947116	0.6074517828666667
24	26	10	1	10	Low	1	Relatively Complex	4	Right	1.0	0.5324427204066667	0.5293543241533333
24	26	11	1	11	Low	1	Relatively Complex	4	Wrong	0.0	0.6794330132	0.6326060327999999
24	26	12	1	12	Low	1	Relatively Simple	2	Wrong	0.0	0.8279165505999999	0.7273530520000001
24	26	13	1	13	Low	1	Complex	5	Wrong	0.0	0.4424071036733333	0.4642650333333333
24	26	14	1	14	Low	1	Simple	1	Wrong	0.0	0.8176566333133333	0.7143151273333332
24	26	15	1	15	Low	1	Average	3	Right	1.0	0.7516154653333333	0.6987984768
24	26	16	1	16	Low	1	Simple	1	Wrong	0.0	0.8048211211333335	0.7123392206666667
24	26	17	1	17	Low	1	Relatively Complex	4	Wrong	0.0	0.6711092108333333	0.6054023613333334
24	26	18	1	18	Low	1	Average	3	Wrong	0.0	0.6644242371466667	0.6035645791333333
24	26	19	1	19	Low	1	Complex	5	Wrong	0.0	0.5603571539466666	0.5369043846666667
24	26	20	1	20	Low	1	Complex	5	Wrong	0.0	0.43938996352666665	0.4625198027333333
24	26	21	1	21	Low	1	Simple	1	Wrong	0.0	0.8169407378266667	0.7144998073333334
24	26	22	1	22	Low	1	Complex	5	Wrong	0.0	0.4638310726733333	0.47698536399999997
24	26	23	1	23	Low	1	Complex	5	Right	1.0	0.40644842684666665	0.41472808266
24	26	24	1	24	Low	1	Simple	1	Right	1.0	0.8599520462666668	0.8519901985333332
24	26	25	1	25	Low	1	Average	3	Wrong	0.0	0.6446614339133333	0.602541285
24	26	26	1	26	Low	1	Relatively Simple	2	Right	1.0	0.8135078640666666	0.7829207227333334
24	26	27	1	27	Low	1	Average	3	Wrong	0.0	0.6338097411333333	0.5933521292666667
24	26	28	1	28	Low	1	Average	3	Right	1.0	0.6069278254533333	0.59317072626
24	26	29	1	29	Low	1	Relatively Complex	4	Right	1.0	0.6868363738	0.6754781487999999
24	26	30	1	30	Low	1	Relatively Simple	2	Right	1.0	0.7296813976733333	0.7243978377933332
24	26	31	1	31	Low	1	Average	3	Wrong	0.0	0.7486515441933334	0.6960606080666666
24	26	32	1	32	Low	1	Simple	1	Wrong	0.0	0.8612251704	0.7602893636000001
24	26	33	1	33	Low	1	Relatively Complex	4	Wrong	0.0	0.5550570403466667	0.5342693186666666
24	26	34	1	34	Low	1	Simple	1	Right	1.0	0.7987302463999999	0.7693593033333334
24	26	35	1	35	Low	1	Complex	5	Right	1.0	0.5967994321333333	0.5892247244
24	26	36	1	36	Low	1	Relatively Complex	4	Right	1.0	0.6824245359333334	0.6761409968666667
24	26	37	1	37	Low	1	Simple	1	Right	1.0	0.8026324116333333	0.79969839846
24	26	38	1	38	Low	1	Average	3	Wrong	0.0	0.6326125116600001	0.5984279925333332
24	26	39	1	39	Low	1	Complex	5	Wrong	0.0	0.5680346792666667	0.5434116796
24	26	40	1	40	Low	1	Average	3	Wrong	0.0	0.6518060228000001	0.598256598
24	26	41	2	1	Med	2	Relatively Simple	2	Wrong	0.0	0.80669310992	0.7511339514666666
24	26	42	2	2	Med	2	Relatively Simple	2	Right	1.0	0.8163355564666667	0.7852529931333333
24	26	43	2	3	Med	2	Relatively Simple	2	Right	1.0	0.8135980835333333	0.7953241510666667
24	26	44	2	4	Med	2	Simple	1	Wrong	0.0	0.8557096096	0.7717718133333333
24	26	45	2	5	Med	2	Complex	5	Wrong	0.0	0.5899775471333334	0.5554766486666667
24	26	46	2	6	Med	2	Relatively Simple	2	Wrong	0.0	0.8246310749333333	0.7167508546666667
24	26	47	2	7	Med	2	Relatively Complex	4	Wrong	0.0	0.6631666427266667	0.5998714086666667
24	26	48	2	8	Med	2	Relatively Simple	2	Right	1.0	0.8146052150666666	0.7748948349333333
24	26	49	2	9	Med	2	Relatively Complex	4	Right	1.0	0.6721537336266667	0.6573540467333333
24	26	50	2	10	Med	2	Relatively Complex	4	Right	1.0	0.6738301333333333	0.6659779798
24	26	51	2	11	Med	2	Relatively Complex	4	Wrong	0.0	0.6662343487333333	0.6306952494
24	26	52	2	12	Med	2	Relatively Simple	2	Right	1.0	0.8253663586000001	0.8019251945333332
24	26	53	2	13	Med	2	Complex	5	Right	1.0	0.5856302195666666	0.5813001041333333
24	26	54	2	14	Med	2	Simple	1	Right	1.0	0.8100810038	0.8050095055999998
24	26	55	2	15	Med	2	Average	3	Wrong	0.0	0.7570748067999999	0.6944064728666666
24	26	56	2	16	Med	2	Simple	1	Wrong	0.0	0.8295687752666666	0.731033144
24	26	57	2	17	Med	2	Relatively Complex	4	Right	1.0	0.6818599307333333	0.6423910662666666
24	26	58	2	18	Med	2	Average	3	Right	1.0	0.7516393658	0.7296052230000001
24	26	59	2	19	Med	2	Complex	5	Right	1.0	0.5712771024866666	0.5667428574333334
24	26	60	2	20	Med	2	Complex	5	Right	1.0	0.5860968104	0.5839132638000001
24	26	61	2	21	Med	2	Simple	1	Wrong	0.0	0.8683685022733334	0.8269200893333334
24	26	62	2	22	Med	2	Complex	5	Wrong	0.0	0.44087696340000004	0.46107693566666663
24	26	63	2	23	Med	2	Complex	5	Right	1.0	0.5778099492466666	0.5696183495399999
24	26	64	2	24	Med	2	Simple	1	Right	1.0	0.8867106432666668	0.8771378636666666
24	26	65	2	25	Med	2	Average	3	Right	1.0	0.7472659458666667	0.7408659833333333
24	26	66	2	26	Med	2	Relatively Simple	2	Wrong	0.0	0.8069453174	0.7471423067333335
24	26	67	2	27	Med	2	Average	3	Wrong	0.0	0.7503514407666666	0.6664775332666667
24	26	68	2	28	Med	2	Average	3	Wrong	0.0	0.7621937377333333	0.6687472286666667
24	26	69	2	29	Med	2	Relatively Complex	4	Right	1.0	0.6333518954933334	0.608693674
24	26	70	2	30	Med	2	Relatively Simple	2	Right	1.0	0.8112047649333333	0.7902287162666667
24	26	71	2	31	Med	2	Average	3	Right	1.0	0.6058633137799999	0.6005577276533333
24	26	72	2	32	Med	2	Simple	1	Right	1.0	0.8830734200666667	0.8765487879333334
24	26	73	2	33	Med	2	Relatively Complex	4	Right	1.0	0.6607217817333334	0.6584428020666667
24	26	74	2	34	Med	2	Simple	1	Right	1.0	0.8782636735333332	0.8758417735999999
24	26	75	2	35	Med	2	Complex	5	Wrong	0.0	0.44796157767999994	0.4628933379333333
24	26	76	2	36	Med	2	Relatively Complex	4	Wrong	0.0	0.6545325333333333	0.6033147023333333
24	26	77	2	37	Med	2	Simple	1	Right	1.0	0.8795510048666667	0.8435104802
24	26	78	2	38	Med	2	Average	3	Wrong	0.0	0.7359861974666666	0.656576433
24	26	79	2	39	Med	2	Complex	5	Right	1.0	0.5769317989333334	0.5642320016000001
24	26	80	2	40	Med	2	Average	3	Right	1.0	0.7486246684133334	0.7354502530533334
24	26	81	3	1	High	3	Relatively Simple	2	Right	1.0	0.8405504870666666	0.8377740962
24	26	82	3	2	High	3	Relatively Simple	2	Right	1.0	0.8229772047999999	0.8222004601333334
24	26	83	3	3	High	3	Relatively Simple	2	Right	1.0	0.82534392062	0.8248341879533334
24	26	84	3	4	High	3	Simple	1	Right	1.0	0.8769726456	0.8764830513333334
24	26	85	3	5	High	3	Complex	5	Wrong	0.0	0.57563433688	0.5523994253333333
24	26	86	3	6	High	3	Relatively Simple	2	Right	1.0	0.8435948834000001	0.8178948909999999
24	26	87	3	7	High	3	Relatively Complex	4	Right	1.0	0.6727007328000001	0.66362899
24	26	88	3	8	High	3	Relatively Simple	2	Right	1.0	0.8274176028000001	0.8209012438666666
24	26	89	3	9	High	3	Relatively Complex	4	Right	1.0	0.6771427899333333	0.6739056419999999
24	26	90	3	10	High	3	Relatively Complex	4	Right	1.0	0.6849936517133334	0.6832335798266667
24	26	91	3	11	High	3	Relatively Complex	4	Right	1.0	0.690536765	0.689578
24	26	92	3	12	High	3	Relatively Simple	2	Right	1.0	0.8181771055333332	0.8171796336666667
24	26	93	3	13	High	3	Complex	5	Right	1.0	0.56025939002	0.5600671793333333
24	26	94	3	14	High	3	Simple	1	Right	1.0	0.8764271	0.8758065608666668
24	26	95	3	15	High	3	Average	3	Right	1.0	0.7551695336	0.7546396397533334
24	26	96	3	16	High	3	Simple	1	Right	1.0	0.8684540647333333	0.8679218228666667
24	26	97	3	17	High	3	Relatively Complex	4	Wrong	0.0	0.665959622	0.6198907732666666
24	26	98	3	18	High	3	Average	3	Right	1.0	0.7576606458	0.7304657637333333
24	26	99	3	19	High	3	Complex	5	Right	1.0	0.6206354386666667	0.6128336525333333
24	26	100	3	20	High	3	Complex	5	Right	1.0	0.5881383774066666	0.58517936496
24	26	101	3	21	High	3	Simple	1	Right	1.0	0.8721366286	0.8694797320666666
24	26	102	3	22	High	3	Complex	5	Right	1.0	0.5796696410866667	0.5787301524266667
24	26	103	3	23	High	3	Complex	5	Right	1.0	0.5881359540666665	0.5877188374666666
24	26	104	3	24	High	3	Simple	1	Right	1.0	0.8648615715533333	0.8640336354400001
24	26	105	3	25	High	3	Average	3	Right	1.0	0.7386926452666667	0.7380542676666666
24	26	106	3	26	High	3	Relatively Simple	2	Right	1.0	0.8067770414000001	0.8061216887333332
24	26	107	3	27	High	3	Average	3	Wrong	0.0	0.7530564894666667	0.6964022316666667
24	26	108	3	28	High	3	Average	3	Wrong	0.0	0.7554286138	0.6737453006666666
24	26	109	3	29	High	3	Relatively Complex	4	Wrong	0.0	0.6578057035333335	0.6010038459999999
24	26	110	3	30	High	3	Relatively Simple	2	Right	1.0	0.8169644549999999	0.7767371659333334
24	26	111	3	31	High	3	Average	3	Right	1.0	0.7698375451333334	0.7472262199999999
24	26	112	3	32	High	3	Simple	1	Right	1.0	0.8690064864933333	0.85607104364
24	26	113	3	33	High	3	Relatively Complex	4	Right	1.0	0.6664965820000001	0.660838738
24	26	114	3	34	High	3	Simple	1	Wrong	0.0	0.8920508297333333	0.8305371699333333
24	26	115	3	35	High	3	Complex	5	Right	1.0	0.5757087993000001	0.5643526643266666
24	26	116	3	36	High	3	Relatively Complex	4	Right	1.0	0.67073912206	0.6634178193933333
24	26	117	3	37	High	3	Simple	1	Right	1.0	0.88511574042	0.8796126419333333
24	26	118	3	38	High	3	Average	3	Right	1.0	0.7588823804666666	0.755094529
24	26	119	3	39	High	3	Complex	5	Right	1.0	0.5834570811266667	0.5824818401199999
24	26	120	3	40	High	3	Average	3	Right	1.0	0.7686569810133334	0.76729167626
25	27	1	1	1	Low	1	Relatively Simple	2			0.7098474119733335	0.6396319006666666
25	27	2	1	2	Low	1	Relatively Simple	2	Wrong	0.0	0.73135898364	0.6535283239999999
25	27	3	1	3	Low	1	Relatively Simple	2	Wrong	0.0	0.7258110969333335	0.6466726826666667
25	27	4	1	4	Low	1	Simple	1	Right	1.0	0.8582231588666667	0.8195230697333334
25	27	5	1	5	Low	1	Complex	5	Right	1.0	0.4086695381266667	0.4170084181866667
25	27	6	1	6	Low	1	Relatively Simple	2	Wrong	0.0	0.7892107353999999	0.7380917284
25	27	7	1	7	Low	1	Relatively Complex	4	Wrong	0.0	0.5297047017933333	0.5195465316
25	27	8	1	8	Low	1	Relatively Simple	2	Right	1.0	0.8123476503333333	0.7922614445333332
25	27	9	1	9	Low	1	Relatively Complex	4	Right	1.0	0.4927380455066667	0.49299171946
25	27	10	1	10	Low	1	Relatively Complex	4	Wrong	0.0	0.4982876708333333	0.49906717813333334
25	27	11	1	11	Low	1	Relatively Complex	4	Right	1.0	0.5032161722266667	0.50378501806
25	27	12	1	12	Low	1	Relatively Simple	2	Wrong	0.0	0.6942510251999999	0.6653284454
25	27	13	1	13	Low	1	Complex	5	Wrong	0.0	0.5681701803666667	0.5456683287999999
25	27	14	1	14	Low	1	Simple	1	Wrong	0.0	0.8044542004	0.708727128
25	27	15	1	15	Low	1	Average	3	Wrong	0.0	0.63491486748	0.5868902292000001
25	27	16	1	16	Low	1	Simple	1	Wrong	0.0	0.8600428804666667	0.7508950900000001
25	27	17	1	17	Low	1	Relatively Complex	4	Wrong	0.0	0.5466275382666667	0.5294909854
25	27	18	1	18	Low	1	Average	3	Wrong	0.0	0.6438035452	0.5922426473333333
25	27	19	1	19	Low	1	Complex	5	Wrong	0.0	0.4144928592533333	0.44603564413333335
25	27	20	1	20	Low	1	Complex	5	Wrong	0.0	0.40279564182666666	0.43810857666666664
25	27	21	1	21	Low	1	Simple	1	Wrong	0.0	0.8641686611333333	0.752448452
25	27	22	1	22	Low	1	Complex	5	Right	1.0	0.4237013198333333	0.4389216499333333
25	27	23	1	23	Low	1	Complex	5	Right	1.0	0.38856249602000004	0.3930227932066666
25	27	24	1	24	Low	1	Simple	1	Right	1.0	0.8896444976666666	0.8872958949333333
25	27	25	1	25	Low	1	Average	3	Right	1.0	0.7469405791333333	0.7456944960666666
25	27	26	1	26	Low	1	Relatively Simple	2	Right	1.0	0.8039886482666666	0.8029669301333332
25	27	27	1	27	Low	1	Average	3	Right	1.0	0.7668269419999999	0.7660848211333334
25	27	28	1	28	Low	1	Average	3	Wrong	0.0	0.6172883797333334	0.5889349422
25	27	29	1	29	Low	1	Relatively Complex	4	Right	1.0	0.46802041518000004	0.46992620712000005
25	27	30	1	30	Low	1	Relatively Simple	2	Right	1.0	0.8045389298266666	0.8016995242066667
25	27	31	1	31	Low	1	Average	3	Right	1.0	0.7373784728666667	0.7359740968
25	27	32	1	32	Low	1	Simple	1	Right	1.0	0.8772622676	0.8765178866
25	27	33	1	33	Low	1	Relatively Complex	4	Right	1.0	0.669522552	0.668974093
25	27	34	1	34	Low	1	Simple	1	Wrong	0.0	0.8587332723733333	0.8067756005333333
25	27	35	1	35	Low	1	Complex	5	Right	1.0	0.37672312898	0.3891465006733333
25	27	36	1	36	Low	1	Relatively Complex	4	Wrong	0.0	0.4950266711066667	0.4944692928066667
25	27	37	1	37	Low	1	Simple	1	Wrong	0.0	0.8780107207333333	0.7866157996666666
25	27	38	1	38	Low	1	Average	3	Wrong	0.0	0.62966516456	0.5843857206666666
25	27	39	1	39	Low	1	Complex	5	Right	1.0	0.5890877946333334	0.5781283624
25	27	40	1	40	Low	1	Average	3	Right	1.0	0.7554322853333333	0.7478733755999999
25	27	41	2	1	Med	2	Relatively Simple	2	Right	1.0	0.8187503728666666	0.8066855937333334
25	27	42	2	2	Med	2	Relatively Simple	2	Wrong	0.0	0.7422598776866667	0.6729567026666666
25	27	43	2	3	Med	2	Relatively Simple	2	Right	1.0	0.6869386077333334	0.6667023704666667
25	27	44	2	4	Med	2	Simple	1	Right	1.0	0.8617233280000001	0.8504720538
25	27	45	2	5	Med	2	Complex	5	Right	1.0	0.6064842380000001	0.6037883957333333
25	27	46	2	6	Med	2	Relatively Simple	2	Wrong	0.0	0.8088177787333333	0.7576292036666666
25	27	47	2	7	Med	2	Relatively Complex	4	Wrong	0.0	0.5386905305466666	0.5261163348666666
25	27	48	2	8	Med	2	Relatively Simple	2	Wrong	0.0	0.7132864594666666	0.6405773353333334
25	27	49	2	9	Med	2	Relatively Complex	4	Right	1.0	0.6953187322333334	0.66893949968
25	27	50	2	10	Med	2	Relatively Complex	4	Right	1.0	0.6925034054	0.6828478772666666
25	27	51	2	11	Med	2	Relatively Complex	4	Wrong	0.0	0.5016162357266666	0.5021674553733333
25	27	52	2	12	Med	2	Relatively Simple	2	Right	1.0	0.8050721796666666	0.7939806254
25	27	53	2	13	Med	2	Complex	5	Right	1.0	0.5981291850666666	0.5956270697333333
25	27	54	2	14	Med	2	Simple	1	Right	1.0	0.8575709316666668	0.855286161
25	27	55	2	15	Med	2	Average	3	Wrong	0.0	0.6299088122333334	0.5919477268
25	27	56	2	16	Med	2	Simple	1	Wrong	0.0	0.8600729141333333	0.7556991606666666
25	27	57	2	17	Med	2	Relatively Complex	4	Right	1.0	0.6736135246	0.6428129759333333
25	27	58	2	18	Med	2	Average	3	Right	1.0	0.7622020241333334	0.7466672764000001
25	27	59	2	19	Med	2	Complex	5	Right	1.0	0.38625285572	0.38909672372
25	27	60	2	20	Med	2	Complex	5	Wrong	0.0	0.5849375095933333	0.5749450507333332
25	27	61	2	21	Med	2	Simple	1	Wrong	0.0	0.8651917172000001	0.7836060699999999
25	27	62	2	22	Med	2	Complex	5	Right	1.0	0.5485328737199999	0.5409159523333332
25	27	63	2	23	Med	2	Complex	5	Right	1.0	0.5776139839333333	0.5746211170666666
25	27	64	2	24	Med	2	Simple	1	Right	1.0	0.8433962197999999	0.8407035767333334
25	27	65	2	25	Med	2	Average	3	Right	1.0	0.7494256679333334	0.7478726827333334
25	27	66	2	26	Med	2	Relatively Simple	2	Wrong	0.0	0.7194806728666667	0.6729484229333332
25	27	67	2	27	Med	2	Average	3	Wrong	0.0	0.6444134284666667	0.5966681295999999
25	27	68	2	28	Med	2	Average	3	Right	1.0	0.5668489163333333	0.5617083276
25	27	69	2	29	Med	2	Relatively Complex	4	Wrong	0.0	0.6573428128666666	0.615369269
25	27	70	2	30	Med	2	Relatively Simple	2	Right	1.0	0.8137456174	0.7928716792000001
25	27	71	2	31	Med	2	Average	3	Right	1.0	0.58256485302	0.5792121283
25	27	72	2	32	Med	2	Simple	1	Wrong	0.0	0.8496886588666666	0.7919731302
25	27	73	2	33	Med	2	Relatively Complex	4	Wrong	0.0	0.5348772579	0.5225459156
25	27	74	2	34	Med	2	Simple	1	Right	1.0	0.8482279561733334	0.8288522243333333
25	27	75	2	35	Med	2	Complex	5	Wrong	0.0	0.4234295639999999	0.44705852799999996
25	27	76	2	36	Med	2	Relatively Complex	4	Right	1.0	0.6677155227733333	0.6592148686266667
25	27	77	2	37	Med	2	Simple	1	Right	1.0	0.8568404605333333	0.8519284038666667
25	27	78	2	38	Med	2	Average	3	Wrong	0.0	0.6296467961133333	0.5915550190666666
25	27	79	2	39	Med	2	Complex	5	Right	1.0	0.5657201615999999	0.5620511784666666
25	27	80	2	40	Med	2	Average	3	Right	1.0	0.7196542714266666	0.7153780087666667
25	27	81	3	1	High	3	Relatively Simple	2	Right	1.0	0.8011540360066668	0.7998871457266666
25	27	82	3	2	High	3	Relatively Simple	2	Right	1.0	0.8081479254666667	0.8076664068
25	27	83	3	3	High	3	Relatively Simple	2	Right	1.0	0.8324696540666666	0.8319862399333333
25	27	84	3	4	High	3	Simple	1	Right	1.0	0.8814619478666667	0.8809826977999999
25	27	85	3	5	High	3	Complex	5	Wrong	0.0	0.5645232650933333	0.5439969212
25	27	86	3	6	High	3	Relatively Simple	2	Right	1.0	0.8242121335333333	0.8058492624666668
25	27	87	3	7	High	3	Relatively Complex	4	Right	1.0	0.6959157876000001	0.6898614074666667
25	27	88	3	8	High	3	Relatively Simple	2	Right	1.0	0.8290107664	0.8254373615333334
25	27	89	3	9	High	3	Relatively Complex	4	Right	1.0	0.6849777345866667	0.6834637359066665
25	27	90	3	10	High	3	Relatively Complex	4	Right	1.0	0.6773156444333334	0.6766252008666666
25	27	91	3	11	High	3	Relatively Complex	4	Right	1.0	0.6819470263333334	0.6814680134666666
25	27	92	3	12	High	3	Relatively Simple	2	Right	1.0	0.8051914704666666	0.8046532780666666
25	27	93	3	13	High	3	Complex	5	Right	1.0	0.5927217914	0.5924940659333333
25	27	94	3	14	High	3	Simple	1	Right	1.0	0.8747864625333333	0.8742783092666667
25	27	95	3	15	High	3	Average	3	Right	1.0	0.7633568371999999	0.7628819330000001
25	27	96	3	16	High	3	Simple	1	Right	1.0	0.8536772588666667	0.8532282353333333
25	27	97	3	17	High	3	Relatively Complex	4	Wrong	0.0	0.6564624147333333	0.6121882788666667
25	27	98	3	18	High	3	Average	3	Right	1.0	0.7323579123333334	0.7146574889333334
25	27	99	3	19	High	3	Complex	5	Right	1.0	0.5924923855333333	0.5898261122666667
25	27	100	3	20	High	3	Complex	5	Right	1.0	0.5882511197333333	0.5874225875333333
25	27	101	3	21	High	3	Simple	1	Right	1.0	0.8675967554666668	0.866463136
25	27	102	3	22	High	3	Complex	5	Right	1.0	0.5862134388533334	0.5858792839199999
25	27	103	3	23	High	3	Complex	5	Right	1.0	0.6124144420000001	0.6121219619333335
25	27	104	3	24	High	3	Simple	1	Right	1.0	0.8636555781333334	0.8631715256666667
25	27	105	3	25	High	3	Average	3	Right	1.0	0.7665948798	0.7661320428666668
25	27	106	3	26	High	3	Relatively Simple	2	Right	1.0	0.8211311766000001	0.8206077858
25	27	107	3	27	High	3	Average	3	Wrong	0.0	0.7056894693599999	0.6549828492
25	27	108	3	28	High	3	Average	3	Wrong	0.0	0.7396293371266668	0.6613018643333334
25	27	109	3	29	High	3	Relatively Complex	4	Wrong	0.0	0.6438017925933334	0.5906293506666667
25	27	110	3	30	High	3	Relatively Simple	2	Right	1.0	0.8104057856	0.7826984597333332
25	27	111	3	31	High	3	Average	3	Right	1.0	0.7422722127333333	0.7314085179333333
25	27	112	3	32	High	3	Simple	1	Right	1.0	0.8532266180666667	0.8477233512666666
25	27	113	3	33	High	3	Relatively Complex	4	Right	1.0	0.7021070214666666	0.6993509043333334
25	27	114	3	34	High	3	Simple	1	Wrong	0.0	0.8573781821333334	0.79653254
25	27	115	3	35	High	3	Complex	5	Right	1.0	0.5780365824666667	0.5682575712
25	27	116	3	36	High	3	Relatively Complex	4	Right	1.0	0.6790859213333333	0.6745030441333334
25	27	117	3	37	High	3	Simple	1	Right	1.0	0.8474706505333334	0.8450766343333335
25	27	118	3	38	High	3	Average	3	Right	1.0	0.7700640340666668	0.7686578263333333
25	27	119	3	39	High	3	Complex	5	Right	1.0	0.5886524209066667	0.5882066855866667
25	27	120	3	40	High	3	Average	3	Right	1.0	0.740051099	0.7394822501333334
26	28	1	1	1	Low	1	Relatively Simple	2			0.73932681424	0.7108892590666667
26	28	2	1	2	Low	1	Relatively Simple	2	Wrong	0.0	0.7812219445999999	0.6933355774666667
26	28	3	1	3	Low	1	Relatively Simple	2	Right	1.0	0.72424702532	0.6933735240000001
26	28	4	1	4	Low	1	Simple	1	Right	1.0	0.8647540385333333	0.8465077428666667
26	28	5	1	5	Low	1	Complex	5	Wrong	0.0	0.47199428342	0.4833291895333333
26	28	6	1	6	Low	1	Relatively Simple	2	Right	1.0	0.70975780692	0.6969247439666667
26	28	7	1	7	Low	1	Relatively Complex	4	Wrong	0.0	0.5339978996733333	0.5240861690666666
26	28	8	1	8	Low	1	Relatively Simple	2	Wrong	0.0	0.7175134950933334	0.6502879450666668
26	28	9	1	9	Low	1	Relatively Complex	4	Wrong	0.0	0.5730242614066666	0.5449777633999999
26	28	10	1	10	Low	1	Relatively Complex	4	Right	1.0	0.711146819	0.6892233774666666
26	28	11	1	11	Low	1	Relatively Complex	4	Wrong	0.0	0.5523569730133334	0.5376298945333334
26	28	12	1	12	Low	1	Relatively Simple	2	Right	1.0	0.6979294859599999	0.6840882906466668
26	28	13	1	13	Low	1	Complex	5	Wrong	0.0	0.4027197395866667	0.4307195614666666
26	28	14	1	14	Low	1	Simple	1	Wrong	0.0	0.8716635082666667	0.7707118545333334
26	28	15	1	15	Low	1	Average	3	Wrong	0.0	0.6453910561933334	0.592176226
26	28	16	1	16	Low	1	Simple	1	Wrong	0.0	0.8282516600733333	0.7195633866666666
26	28	17	1	17	Low	1	Relatively Complex	4	Wrong	0.0	0.5430764532333333	0.526072116
26	28	18	1	18	Low	1	Average	3	Wrong	0.0	0.66209735428	0.6005787826666666
26	28	19	1	19	Low	1	Complex	5	Right	1.0	0.40797716642666665	0.4214394510933333
26	28	20	1	20	Low	1	Complex	5	Right	1.0	0.40433827109333337	0.4077786214266667
26	28	21	1	21	Low	1	Simple	1	Wrong	0.0	0.8847427302	0.8539618807333333
26	28	22	1	22	Low	1	Complex	5	Right	1.0	0.3935741641466666	0.4019855815
26	28	23	1	23	Low	1	Complex	5	Right	1.0	0.5924719354	0.5913246084
26	28	24	1	24	Low	1	Simple	1	Right	1.0	0.8787669060000001	0.8771425687333334
26	28	25	1	25	Low	1	Average	3	Right	1.0	0.7782853235333334	0.776827162
26	28	26	1	26	Low	1	Relatively Simple	2	Right	1.0	0.8453061672000001	0.8442031619333333
26	28	27	1	27	Low	1	Average	3	Wrong	0.0	0.6661838615666666	0.6220872314
26	28	28	1	28	Low	1	Average	3	Right	1.0	0.6412342099266667	0.6289560488666667
26	28	29	1	29	Low	1	Relatively Complex	4	Wrong	0.0	0.5084996006866667	0.5058462936
26	28	30	1	30	Low	1	Relatively Simple	2	Wrong	0.0	0.7404832018333334	0.6650455739333333
26	28	31	1	31	Low	1	Average	3	Right	1.0	0.6136900286066668	0.5979321181066667
26	28	32	1	32	Low	1	Simple	1	Right	1.0	0.8835971695999999	0.8709772087333333
26	28	33	1	33	Low	1	Relatively Complex	4	Wrong	0.0	0.5491150077733334	0.5318360615133333
26	28	34	1	34	Low	1	Simple	1	Right	1.0	0.8824416246666668	0.8591898019333333
26	28	35	1	35	Low	1	Complex	5	Wrong	0.0	0.4194206684933333	0.44745509313333337
26	28	36	1	36	Low	1	Relatively Complex	4	Wrong	0.0	0.5853401893066666	0.552419424
26	28	37	1	37	Low	1	Simple	1	Right	1.0	0.8115639845999999	0.7864681045333333
26	28	38	1	38	Low	1	Average	3	Wrong	0.0	0.6547805178266667	0.6053084651333335
26	28	39	1	39	Low	1	Complex	5	Right	1.0	0.4015984264866667	0.4128109257533334
26	28	40	1	40	Low	1	Average	3	Right	1.0	0.787486758	0.7804144257333333
26	28	41	2	1	Med	2	Relatively Simple	2	Right	1.0	0.8533500909999999	0.784860916
26	28	42	2	2	Med	2	Relatively Simple	2	Right	1.0	0.8418389966666666	0.8048627329999999
26	28	43	2	3	Med	2	Relatively Simple	2	Right	1.0	0.8185597692666665	0.8004199975333334
26	28	44	2	4	Med	2	Simple	1	Wrong	0.0	0.8763994788666668	0.7800757826666667
26	28	45	2	5	Med	2	Complex	5	Wrong	0.0	0.5948176508666666	0.5560287313333333
26	28	46	2	6	Med	2	Relatively Simple	2	Wrong	0.0	0.7609395064000001	0.6682070986666666
26	28	47	2	7	Med	2	Relatively Complex	4	Right	1.0	0.706395106	0.6691390148666666
26	28	48	2	8	Med	2	Relatively Simple	2	Right	1.0	0.8463094496666667	0.8248704342666667
26	28	49	2	9	Med	2	Relatively Complex	4	Right	1.0	0.7057075056	0.6967418059333333
26	28	50	2	10	Med	2	Relatively Complex	4	Wrong	0.0	0.5261700654466667	0.5191345592
26	28	51	2	11	Med	2	Relatively Complex	4	Right	1.0	0.6843876664	0.6723396640666667
26	28	52	2	12	Med	2	Relatively Simple	2	Right	1.0	0.8209312126666667	0.8136084795333334
26	28	53	2	13	Med	2	Complex	5	Right	1.0	0.6078268213399999	0.6054534410466667
26	28	54	2	14	Med	2	Simple	1	Wrong	0.0	0.8801700980000001	0.8348901828
26	28	55	2	15	Med	2	Average	3	Wrong	0.0	0.6531201009266666	0.5979578421333334
26	28	56	2	16	Med	2	Simple	1	Right	1.0	0.8889712313333332	0.8565109269333334
26	28	57	2	17	Med	2	Relatively Complex	4	Right	1.0	0.7083190464666668	0.6921308252
26	28	58	2	18	Med	2	Average	3	Right	1.0	0.7574648730666667	0.7493055725333333
26	28	59	2	19	Med	2	Complex	5	Right	1.0	0.5923600605733333	0.5903764728199999
26	28	60	2	20	Med	2	Complex	5	Wrong	0.0	0.6046753304333333	0.5846398184
26	28	61	2	21	Med	2	Simple	1	Wrong	0.0	0.8924082016666667	0.8024486773333334
26	28	62	2	22	Med	2	Complex	5	Right	1.0	0.4027750977533333	0.4185047632666666
26	28	63	2	23	Med	2	Complex	5	Right	1.0	0.37061156682	0.37487106334000003
26	28	64	2	24	Med	2	Simple	1	Wrong	0.0	0.8850604920666667	0.8535366502
26	28	65	2	25	Med	2	Average	3	Wrong	0.0	0.6769236069133333	0.6149131538
26	28	66	2	26	Med	2	Relatively Simple	2	Right	1.0	0.8358169360666667	0.7998834548000001
26	28	67	2	27	Med	2	Average	3	Right	1.0	0.6332159632133333	0.6225898287333334
26	28	68	2	28	Med	2	Average	3	Wrong	0.0	0.6220227366266666	0.5934978325333333
26	28	69	2	29	Med	2	Relatively Complex	4	Right	1.0	0.6971903478666667	0.6816031338
26	28	70	2	30	Med	2	Relatively Simple	2	Right	1.0	0.842157818	0.8330782380666667
26	28	71	2	31	Med	2	Average	3	Wrong	0.0	0.6504316537333333	0.6066725235333333
26	28	72	2	32	Med	2	Simple	1	Wrong	0.0	0.8814156567333332	0.7701825442
26	28	73	2	33	Med	2	Relatively Complex	4	Right	1.0	0.7020332695533332	0.6574167012666666
26	28	74	2	34	Med	2	Simple	1	Wrong	0.0	0.8878892122	0.7736639679999998
26	28	75	2	35	Med	2	Complex	5	Right	1.0	0.5821211902666666	0.5618040827333334
26	28	76	2	36	Med	2	Relatively Complex	4	Right	1.0	0.6903500900666666	0.6765616707333333
26	28	77	2	37	Med	2	Simple	1	Right	1.0	0.8793122662	0.8710283879333334
26	28	78	2	38	Med	2	Average	3	Wrong	0.0	0.7711256967333333	0.6857716723999999
26	28	79	2	39	Med	2	Complex	5	Right	1.0	0.6010622134666667	0.5861175734666667
26	28	80	2	40	Med	2	Average	3	Right	1.0	0.7713603210666667	0.7596085884
26	28	81	3	1	High	3	Relatively Simple	2	Right	1.0	0.8316459749533333	0.8292513509133334
26	28	82	3	2	High	3	Relatively Simple	2	Right	1.0	0.8379694424	0.8373540022666667
26	28	83	3	3	High	3	Relatively Simple	2	Right	1.0	0.8291566238666667	0.8286036586666667
26	28	84	3	4	High	3	Simple	1	Right	1.0	0.8783543628666667	0.8778351857333333
26	28	85	3	5	High	3	Complex	5	Wrong	0.0	0.58320779238	0.5565803724666667
26	28	86	3	6	High	3	Relatively Simple	2	Right	1.0	0.8407633193333334	0.8195190021333335
26	28	87	3	7	High	3	Relatively Complex	4	Right	1.0	0.6811934283	0.6723596505999999
26	28	88	3	8	High	3	Relatively Simple	2	Right	1.0	0.8491446909333332	0.8443184686666667
26	28	89	3	9	High	3	Relatively Complex	4	Right	1.0	0.7063395309333335	0.7040353467333333
26	28	90	3	10	High	3	Relatively Complex	4	Right	1.0	0.7023070016666667	0.7008996956666667
26	28	91	3	11	High	3	Relatively Complex	4	Right	1.0	0.7096454976666667	0.708899561
26	28	92	3	12	High	3	Relatively Simple	2	Right	1.0	0.8453889806	0.8446638665333334
26	28	93	3	13	High	3	Complex	5	Right	1.0	0.6334308015466666	0.63299607452
26	28	94	3	14	High	3	Simple	1	Right	1.0	0.8819551094000001	0.8813741313333333
26	28	95	3	15	High	3	Average	3	Right	1.0	0.7659080805333334	0.7653303415333332
26	28	96	3	16	High	3	Simple	1	Right	1.0	0.8690865906199999	0.8685384663066666
26	28	97	3	17	High	3	Relatively Complex	4	Wrong	0.0	0.6670239026666667	0.6145890860666667
26	28	98	3	18	High	3	Average	3	Right	1.0	0.765738052	0.7404128503333333
26	28	99	3	19	High	3	Complex	5	Right	1.0	0.6060370283333333	0.6003221064666667
26	28	100	3	20	High	3	Complex	5	Right	1.0	0.6183978016	0.6159242354666666
26	28	101	3	21	High	3	Simple	1	Right	1.0	0.8917150763333334	0.8896248860666667
26	28	102	3	22	High	3	Complex	5	Right	1.0	0.5988651856333335	0.59806904724
26	28	103	3	23	High	3	Complex	5	Right	1.0	0.6265914619799999	0.6259723721733333
26	28	104	3	24	High	3	Simple	1	Right	1.0	0.8715708986466666	0.8708902500733333
26	28	105	3	25	High	3	Average	3	Right	1.0	0.7750355354666666	0.7743677887333335
26	28	106	3	26	High	3	Relatively Simple	2	Right	1.0	0.8201121052466668	0.8194733993000001
26	28	107	3	27	High	3	Average	3	Wrong	0.0	0.79002162386	0.7165727812666667
26	28	108	3	28	High	3	Average	3	Wrong	0.0	0.7746071375333333	0.6808766541333333
26	28	109	3	29	High	3	Relatively Complex	4	Wrong	0.0	0.6773494923333333	0.60786409
26	28	110	3	30	High	3	Relatively Simple	2	Right	1.0	0.8404931504666667	0.8037375616666665
26	28	111	3	31	High	3	Average	3	Right	1.0	0.7594013372666666	0.7405920862666667
26	28	112	3	32	High	3	Simple	1	Right	1.0	0.8873980941333334	0.8771309792666666
26	28	113	3	33	High	3	Relatively Complex	4	Right	1.0	0.6865955346	0.6815729814
26	28	114	3	34	High	3	Simple	1	Wrong	0.0	0.8744193604266667	0.8148569904666666
26	28	115	3	35	High	3	Complex	5	Right	1.0	0.5979423316066667	0.5851399144
26	28	116	3	36	High	3	Relatively Complex	4	Right	1.0	0.7034230126666667	0.6952809907333334
26	28	117	3	37	High	3	Simple	1	Right	1.0	0.8807352342666666	0.8765988889999999
26	28	118	3	38	High	3	Average	3	Right	1.0	0.7697824782133332	0.7673630135333332
26	28	119	3	39	High	3	Complex	5	Right	1.0	0.6195082179	0.6188501531999999
26	28	120	3	40	High	3	Average	3	Right	1.0	0.7891014094466667	0.7881106988666667
27	29	1	1	1	Low	1	Relatively Simple	2			0.7054469718666666	0.6877199826666667
27	29	2	1	2	Low	1	Relatively Simple	2	Wrong	0.0	0.7304672164066667	0.6656676973333333
27	29	3	1	3	Low	1	Relatively Simple	2	Right	1.0	0.8304785350666667	0.7981653822666667
27	29	4	1	4	Low	1	Simple	1	Right	1.0	0.8712805187999999	0.8553839919333334
27	29	5	1	5	Low	1	Complex	5	Right	1.0	0.38279052747333325	0.3867720608333333
27	29	6	1	6	Low	1	Relatively Simple	2	Wrong	0.0	0.7031460126133333	0.6785615990533334
27	29	7	1	7	Low	1	Relatively Complex	4	Right	1.0	0.5154659276666668	0.5142444402666667
27	29	8	1	8	Low	1	Relatively Simple	2	Right	1.0	0.8198814281333333	0.8170476823333334
27	29	9	1	9	Low	1	Relatively Complex	4	Wrong	0.0	0.5376291593	0.5250028173333333
27	29	10	1	10	Low	1	Relatively Complex	4	Wrong	0.0	0.54439150016	0.5294779618666667
27	29	11	1	11	Low	1	Relatively Complex	4	Right	1.0	0.66093451334	0.6494276380666667
27	29	12	1	12	Low	1	Relatively Simple	2	Wrong	0.0	0.8156265865333333	0.7437467988
27	29	13	1	13	Low	1	Complex	5	Wrong	0.0	0.44426946018666663	0.46373765079999996
27	29	14	1	14	Low	1	Simple	1	Wrong	0.0	0.8479315186733333	0.7400085906666667
27	29	15	1	15	Low	1	Average	3	Wrong	0.0	0.623934699	0.5799566506666667
27	29	16	1	16	Low	1	Simple	1	Wrong	0.0	0.8751036864666667	0.7588016353333332
27	29	17	1	17	Low	1	Relatively Complex	4	Wrong	0.0	0.5330230151066667	0.519533453
27	29	18	1	18	Low	1	Average	3	Wrong	0.0	0.64094945234	0.589858348
27	29	19	1	19	Low	1	Complex	5	Wrong	0.0	0.44446498502666665	0.4645279953333333
27	29	20	1	20	Low	1	Complex	5	Wrong	0.0	0.39921298824	0.43711073800000005
27	29	21	1	21	Low	1	Simple	1	Right	1.0	0.8681960318666667	0.8532896995333333
27	29	22	1	22	Low	1	Complex	5	Right	1.0	0.3938853032666667	0.3974718875666667
27	29	23	1	23	Low	1	Complex	5	Wrong	0.0	0.41834041149333334	0.42976803809999997
27	29	24	1	24	Low	1	Simple	1	Right	1.0	0.7914505979333333	0.7860552238
27	29	25	1	25	Low	1	Average	3	Right	1.0	0.5961898984266667	0.5946356532466667
27	29	26	1	26	Low	1	Relatively Simple	2	Right	1.0	0.8304875669333334	0.8287775607999999
27	29	27	1	27	Low	1	Average	3	Right	1.0	0.7864717362666666	0.7852506038666666
27	29	28	1	28	Low	1	Average	3	Wrong	0.0	0.6328147594266667	0.6018336889999999
27	29	29	1	29	Low	1	Relatively Complex	4	Right	1.0	0.5270389175000001	0.52603663426
27	29	30	1	30	Low	1	Relatively Simple	2	Wrong	0.0	0.6953435251533334	0.6576828953999999
27	29	31	1	31	Low	1	Average	3	Wrong	0.0	0.6421779298933333	0.5972483948
27	29	32	1	32	Low	1	Simple	1	Right	1.0	0.8644469567333334	0.8380267048
27	29	33	1	33	Low	1	Relatively Complex	4	Right	1.0	0.5010901579933333	0.5012668673666667
27	29	34	1	34	Low	1	Simple	1	Wrong	0.0	0.8636075876200001	0.8102863886666666
27	29	35	1	35	Low	1	Complex	5	Right	1.0	0.4025821873866666	0.41283780205333337
27	29	36	1	36	Low	1	Relatively Complex	4	Wrong	0.0	0.5206862019533334	0.51558556284
27	29	37	1	37	Low	1	Simple	1	Wrong	0.0	0.8701717670000001	0.7736271593333334
27	29	38	1	38	Low	1	Average	3	Wrong	0.0	0.65457835676	0.59827525
27	29	39	1	39	Low	1	Complex	5	Wrong	0.0	0.4322423366066667	0.45779885000000003
27	29	40	1	40	Low	1	Average	3	Right	1.0	0.5867470859533334	0.58114106906
27	29	41	2	1	Med	2	Relatively Simple	2	Wrong	0.0	0.8249048565999999	0.8134900756
27	29	42	2	2	Med	2	Relatively Simple	2	Wrong	0.0	0.7195124903666666	0.6554001393333334
27	29	43	2	3	Med	2	Relatively Simple	2	Right	1.0	0.8194657293333334	0.7891005928666667
27	29	44	2	4	Med	2	Simple	1	Right	1.0	0.8728740111333333	0.8565261184666667
27	29	45	2	5	Med	2	Complex	5	Right	1.0	0.6198017126	0.6151101872
27	29	46	2	6	Med	2	Relatively Simple	2	Right	1.0	0.8183691741333333	0.8155086028
27	29	47	2	7	Med	2	Relatively Complex	4	Wrong	0.0	0.6708744088	0.6245011426
27	29	48	2	8	Med	2	Relatively Simple	2	Wrong	0.0	0.7435785509333334	0.666089518
27	29	49	2	9	Med	2	Relatively Complex	4	Wrong	0.0	0.6674292194733334	0.6055973893333334
27	29	50	2	10	Med	2	Relatively Complex	4	Right	1.0	0.6953210216666666	0.6742726427333333
27	29	51	2	11	Med	2	Relatively Complex	4	Right	1.0	0.6894886006466666	0.6812693180933334
27	29	52	2	12	Med	2	Relatively Simple	2	Right	1.0	0.8001315708666666	0.7954900318
27	29	53	2	13	Med	2	Complex	5	Wrong	0.0	0.42192171364	0.44217245412000006
27	29	54	2	14	Med	2	Simple	1	Right	1.0	0.8740328836666666	0.8626501676666667
27	29	55	2	15	Med	2	Average	3	Right	1.0	0.7690001895066666	0.7626253876533333
27	29	56	2	16	Med	2	Simple	1	Right	1.0	0.8740618334	0.8705430646
27	29	57	2	17	Med	2	Relatively Complex	4	Wrong	0.0	0.6664252496	0.6156140880666667
27	29	58	2	18	Med	2	Average	3	Wrong	0.0	0.6395655689333333	0.5922544126666667
27	29	59	2	19	Med	2	Complex	5	Right	1.0	0.3969608801533333	0.40796460104666665
27	29	60	2	20	Med	2	Complex	5	Right	1.0	0.6104626236	0.6080419933333333
27	29	61	2	21	Med	2	Simple	1	Right	1.0	0.8524502751999999	0.8507149939333333
27	29	62	2	22	Med	2	Complex	5	Wrong	0.0	0.4337382233866667	0.45189439692666666
27	29	63	2	23	Med	2	Complex	5	Right	1.0	0.5940544120666668	0.5904247262000001
27	29	64	2	24	Med	2	Simple	1	Right	1.0	0.8626659402666667	0.8589947586000001
27	29	65	2	25	Med	2	Average	3	Right	1.0	0.7590026049333334	0.7566399872000001
27	29	66	2	26	Med	2	Relatively Simple	2	Right	1.0	0.8154927035333334	0.8140042514666668
27	29	67	2	27	Med	2	Average	3	Wrong	0.0	0.6463907213133333	0.6084461714
27	29	68	2	28	Med	2	Average	3	Wrong	0.0	0.6495572410666667	0.5993813156
27	29	69	2	29	Med	2	Relatively Complex	4	Right	1.0	0.6837782838666667	0.6652445647333334
27	29	70	2	30	Med	2	Relatively Simple	2	Right	1.0	0.8155549009999999	0.8058667589333334
27	29	71	2	31	Med	2	Average	3	Wrong	0.0	0.6268524030866667	0.5897817659333333
27	29	72	2	32	Med	2	Simple	1	Right	1.0	0.8773581800666667	0.8552905748
27	29	73	2	33	Med	2	Relatively Complex	4	Right	1.0	0.6964000108666667	0.6865505891333333
27	29	74	2	34	Med	2	Simple	1	Wrong	0.0	0.8740676189333333	0.796403245
27	29	75	2	35	Med	2	Complex	5	Wrong	0.0	0.42056013030666667	0.44888819346666664
27	29	76	2	36	Med	2	Relatively Complex	4	Right	1.0	0.6921790928	0.6818092633333334
27	29	77	2	37	Med	2	Simple	1	Wrong	0.0	0.8721541289333334	0.7979847306666666
27	29	78	2	38	Med	2	Average	3	Right	1.0	0.62634943546	0.6070328922
27	29	79	2	39	Med	2	Complex	5	Right	1.0	0.35054335790666663	0.35730995721333336
27	29	80	2	40	Med	2	Average	3	Right	1.0	0.7419986666666666	0.7399463584666668
27	29	81	3	1	High	3	Relatively Simple	2	Right	1.0	0.8197154595999999	0.8181616667333333
27	29	82	3	2	High	3	Relatively Simple	2	Right	1.0	0.8156976738	0.8152054536666666
27	29	83	3	3	High	3	Relatively Simple	2	Right	1.0	0.8024142574	0.8019629242
27	29	84	3	4	High	3	Simple	1	Right	1.0	0.8629940131999999	0.8625350235333333
27	29	85	3	5	High	3	Complex	5	Wrong	0.0	0.56600277812	0.5469224436666666
27	29	86	3	6	High	3	Relatively Simple	2	Right	1.0	0.8283961276666667	0.8107690402666666
27	29	87	3	7	High	3	Relatively Complex	4	Right	1.0	0.7012752558666667	0.6944988268
27	29	88	3	8	High	3	Relatively Simple	2	Right	1.0	0.8132521528666666	0.8093695739333334
27	29	89	3	9	High	3	Relatively Complex	4	Right	1.0	0.6717297297333333	0.6701813243333333
27	29	90	3	10	High	3	Relatively Complex	4	Right	1.0	0.6791786919999999	0.6782120516666668
27	29	91	3	11	High	3	Relatively Complex	4	Right	1.0	0.6895117539333334	0.6889013501333334
27	29	92	3	12	High	3	Relatively Simple	2	Right	1.0	0.8155097196000001	0.8149061628666666
27	29	93	3	13	High	3	Complex	5	Right	1.0	0.6060092728	0.6057650079333333
27	29	94	3	14	High	3	Simple	1	Right	1.0	0.8538850881333334	0.8534161299333333
27	29	95	3	15	High	3	Average	3	Right	1.0	0.7524065026	0.7519092139333333
27	29	96	3	16	High	3	Simple	1	Right	1.0	0.8525355168666667	0.8521083968666666
27	29	97	3	17	High	3	Relatively Complex	4	Wrong	0.0	0.6825160047866667	0.628797099
27	29	98	3	18	High	3	Average	3	Right	1.0	0.7402060163333334	0.7203452582666667
27	29	99	3	19	High	3	Complex	5	Right	1.0	0.6266441996666666	0.6212752845333334
27	29	100	3	20	High	3	Complex	5	Right	1.0	0.5907222306000001	0.5892580773999999
27	29	101	3	21	High	3	Simple	1	Right	1.0	0.8672774826399999	0.8658236794
27	29	102	3	22	High	3	Complex	5	Right	1.0	0.6346953061333332	0.6342642247333333
27	29	103	3	23	High	3	Complex	5	Right	1.0	0.6197301498666666	0.6194323767333333
27	29	104	3	24	High	3	Simple	1	Right	1.0	0.8617395991333333	0.8612177004666667
27	29	105	3	25	High	3	Average	3	Right	1.0	0.7670416677333334	0.7665541096
27	29	106	3	26	High	3	Relatively Simple	2	Right	1.0	0.8128276043999999	0.8123399070666667
27	29	107	3	27	High	3	Average	3	Wrong	0.0	0.7391824109333335	0.6808774984
27	29	108	3	28	High	3	Average	3	Wrong	0.0	0.7401202093333333	0.6608883424666666
27	29	109	3	29	High	3	Relatively Complex	4	Wrong	0.0	0.661387273	0.602171932
27	29	110	3	30	High	3	Relatively Simple	2	Right	1.0	0.8281068886666666	0.7966669599333334
27	29	111	3	31	High	3	Average	3	Right	1.0	0.7519793774	0.7374999701333333
27	29	112	3	32	High	3	Simple	1	Right	1.0	0.8618741678666667	0.8544803987333333
27	29	113	3	33	High	3	Relatively Complex	4	Right	1.0	0.6840513502666666	0.6807609453333333
27	29	114	3	34	High	3	Simple	1	Wrong	0.0	0.8768493404000001	0.8135107221333334
27	29	115	3	35	High	3	Complex	5	Right	1.0	0.6193631595333334	0.6052162445333334
27	29	116	3	36	High	3	Relatively Complex	4	Right	1.0	0.6814728936933333	0.6754583850199999
27	29	117	3	37	High	3	Simple	1	Right	1.0	0.8630995599333334	0.859794098
27	29	118	3	38	High	3	Average	3	Right	1.0	0.7490965735333334	0.7474014261333334
27	29	119	3	39	High	3	Complex	5	Right	1.0	0.6055970697333333	0.6049687879333333
27	29	120	3	40	High	3	Average	3	Right	1.0	0.7444417523999999	0.7437039207333332
